player_id,player_id_fpl,player_name,web_name,Team,team_id,Position,Games,Minutes,Goals,Expected Goals,Assists,Expected Assists,Shots,Key Passes,Non-Penalty Goals,Expected Goals (Non-Penalty),Expected Goals (Chain),Expected Goals (Build-Up),Expected Points (Next GW),Expected Points (This GW),Event Points,Form,Cost,PPG,Selected By (%),Total Points,Value (Form),Value (Season),Clean Sheets,Yellow Cards,Red Cards,Saves,Bonus,BPS,Influence,Creativity,Threat,ICT Index
5555,164,Dominic Calvert-Lewin,Calvert-Lewin,Everton,7,4,9,788,10,7.0222058817744255,1,0.45986638218164444,29,5,10,7.0222058817744255,7.3540623262524605,1.594990760087967,7.0,6.5,0,6.5,79,7.8,60.8,70,0.8,8.9,1,1,0,0,10,275,382.0,88.0,502.0,97.2
453,390,Son Heung-Min,Son,Tottenham,17,3,9,730,9,3.860413931310177,2,1.8042713180184364,20,17,9,3.860413931310177,6.588922366499901,2.4539453499019146,3.8,3.8,0,3.8,95,9.3,57.6,84,0.4,8.8,4,0,0,0,12,273,406.8,252.2,363.0,102.4
755,224,Jamie Vardy,Vardy,Leicester,9,4,8,648,8,8.03616327047348,2,1.0784665271639824,18,6,3,3.469150237739086,4.3023721650242805,0.5312000587582588,5.5,6.0,0,5.0,102,7.6,28.5,61,0.5,6.0,2,0,0,0,10,245,326.6,71.7,342.0,74.2
1250,254,Mohamed Salah,Salah,Liverpool,11,3,8,719,8,5.939517870545387,1,2.035087164491415,34,21,4,2.8948425501585007,6.851419523358345,2.7559573650360107,5.2,5.2,0,4.2,122,8.4,29.5,67,0.3,5.5,1,0,0,0,7,220,349.8,282.7,551.0,118.3
468,506,Callum Wilson,Wilson,Newcastle United,14,4,9,787,7,6.782330505549908,3,1.0382096506655216,18,8,4,4.498823992908001,5.845678187906742,0.33001451939344406,5.8,5.8,9,5.8,65,7.1,11.2,64,0.9,9.8,3,1,0,0,10,236,234.0,88.1,292.0,61.2
647,388,Harry Kane,Kane,Tottenham,17,4,9,803,7,6.807162418961525,9,4.15534870326519,38,19,5,5.284824684262276,8.065215674228966,1.1476853163912892,4.8,4.8,0,4.8,110,9.3,42.9,84,0.4,7.6,3,1,0,0,12,316,476.4,227.2,480.0,118.5
822,202,Patrick Bamford,Bamford,Leeds,10,4,9,760,7,5.659803219139576,2,0.3541257418692112,34,4,7,5.659803219139576,6.710941955447197,1.0423743706196547,2.3,2.8,0,2.8,61,6.7,35.7,60,0.5,9.8,3,1,0,0,9,199,281.6,58.7,469.0,80.9
1228,302,Bruno Fernandes,Fernandes,Manchester United,13,3,8,659,6,3.9593924954533577,3,2.995291670784354,24,26,3,0.9147539436817169,4.088129295036197,0.9664822947233915,8.0,8.0,0,7.5,108,8.0,37.5,64,0.7,5.9,2,2,0,0,12,239,386.4,400.6,261.0,104.9
8865,514,Ollie Watkins,Watkins,Aston Villa,2,4,8,720,6,4.849487289786339,1,0.6637205984443426,18,11,5,4.088318467140198,5.416237644851208,1.7486747149378061,5.5,5.5,0,5.5,61,6.1,9.6,49,0.9,8.0,4,0,0,0,6,188,269.6,142.5,344.0,75.6
522,141,Wilfried Zaha,Zaha,Crystal Palace,6,3,8,720,5,4.2247224599123,2,2.1821369230747223,18,13,3,2.702384799718857,5.273610673844814,0.8038306161761284,0.0,0.0,0,1.5,73,6.8,19.3,54,0.2,7.4,1,2,0,0,8,144,243.6,162.8,346.0,75.3
986,366,Danny Ings,Ings,Southampton,16,4,7,624,5,2.483589205890894,2,0.38785428553819656,15,6,4,1.722420334815979,2.3565761148929596,0.5106955729424953,0.0,0.0,0,1.5,83,6.7,5.8,47,0.2,5.7,3,0,0,0,7,187,251.8,84.7,234.0,57.0
65,117,Timo Werner,Werner,Chelsea,5,4,9,770,4,3.920326456427574,3,1.088823290541768,22,6,4,3.920326456427574,5.466718316078186,1.106100962497294,5.3,4.8,0,4.8,95,5.3,23.3,48,0.5,5.1,4,0,0,0,5,185,212.2,114.4,354.0,68.1
675,37,Jack Grealish,Grealish,Aston Villa,2,3,8,720,4,3.0527797490358353,6,3.6893932297825813,23,21,4,3.0527797490358353,6.505889520049095,1.8977972567081451,5.5,5.5,0,5.5,76,7.6,41.7,61,0.7,8.0,4,2,0,0,5,220,305.2,283.3,458.0,104.5
838,251,Sadio Mané,Mané,Liverpool,11,3,8,707,4,4.574016764760017,3,1.3381139729171991,27,15,4,4.574016764760017,6.920906916260719,1.705985188484192,3.5,3.5,0,2.5,121,6.1,12.2,49,0.2,4.0,2,2,0,0,4,144,240.0,192.2,431.0,86.5
3621,68,Neal Maupay,Maupay,Brighton,3,4,8,709,4,5.416592955589294,1,0.5649800002574921,24,5,2,3.8943288773298264,5.818102419376373,1.813391188159585,1.0,0.0,0,1.0,63,5.0,3.3,40,0.2,6.3,2,0,0,0,5,132,187.2,86.1,386.0,65.6
4105,460,Raúl Jiménez,Jiménez,Wolverhampton Wanderers,20,4,9,810,4,2.3609096854925156,1,0.6329625025391579,26,6,4,2.3609096854925156,3.6840762607753277,1.2332111839205027,1.2,1.7,0,2.2,84,4.7,13.9,42,0.3,5.0,4,0,0,0,7,145,177.4,95.9,275.0,55.0
6854,468,Diogo Jota,Jota,Liverpool,11,3,7,392,4,2.5250803157687187,0,1.3779447991400957,18,5,4,2.5250803157687187,4.820119790732861,1.5121624357998371,5.8,5.8,0,4.8,67,5.3,22.0,37,0.7,5.5,1,0,0,0,5,112,163.8,79.9,235.0,47.9
531,437,Michail Antonio,Antonio,West Ham,19,4,6,481,3,2.963218778371811,0,0.33702840097248554,18,6,3,2.963218778371811,3.6503811478614807,0.6049350053071976,-0.2,0.0,0,0.0,62,4.5,2.0,27,0.0,4.4,2,1,0,0,5,77,134.0,73.8,314.0,52.1
702,118,Tammy Abraham,Abraham,Chelsea,5,4,8,467,3,2.873284585773945,2,0.7214874606579542,17,9,3,2.873284585773945,2.6722527369856834,0.08583556488156319,6.0,5.5,0,5.5,72,4.5,2.6,36,0.8,5.0,3,0,0,0,5,125,154.2,103.9,284.0,54.4
843,370,James Ward-Prowse,Ward-Prowse,Southampton,16,3,9,810,3,0.6474304273724556,1,1.0341413989663124,9,13,3,0.6474304273724556,2.3051355183124542,1.960341714322567,5.5,5.0,0,5.5,60,5.0,7.2,45,0.9,7.5,4,1,0,0,6,195,232.4,212.5,71.0,51.6
935,110,Kurt Zouma,Zouma,Chelsea,5,2,8,720,3,0.642649358138442,0,0.018804335966706276,7,1,3,0.642649358138442,1.035328415222466,1.035328415222466,6.0,5.5,0,5.5,55,6.8,19.5,54,1.0,9.8,4,0,0,0,6,200,253.8,17.9,101.0,37.3
1389,105,Jorginho,Jorginho,Chelsea,5,3,7,455,3,3.1184692615643144,2,0.15144091844558716,6,4,0,0.07379390764981508,1.369559166021645,1.369559166021645,1.0,0.5,0,0.5,51,5.3,8.7,37,0.1,7.3,2,0,0,0,4,134,175.2,65.0,77.0,31.8
1776,445,Jarrod Bowen,Bowen,West Ham,19,3,9,751,3,2.7616862766444683,0,0.7371943965554237,20,6,3,2.7616862766444683,4.801177114248276,2.0132336243987083,1.5,2.0,0,2.0,63,4.3,2.1,39,0.3,6.2,4,0,0,0,2,120,140.2,116.5,270.0,52.7
2249,508,James Rodríguez,Rodríguez,Everton,7,3,8,661,3,2.030544174835086,3,2.8887157291173935,16,18,3,2.030544174835086,6.332714200019836,3.7455636244267225,1.5,1.0,0,1.0,79,5.6,28.5,45,0.1,5.7,1,1,0,0,5,201,242.0,263.3,180.0,68.7
3277,6,Alexandre Lacazette,Lacazette,Arsenal,1,4,7,485,3,2.702361896634102,0,0.3091066889464855,9,6,3,2.702361896634102,3.2058951184153557,0.3283694423735142,1.0,1.5,0,1.0,83,3.9,2.9,27,0.1,3.3,2,1,0,0,3,88,126.4,73.8,186.0,38.3
5956,228,Youri Tielemans,Tielemans,Leicester,9,3,9,810,3,2.367433225736022,0,0.10210291668772697,10,3,1,0.8450956102460623,3.1835599541664124,2.4273199774324894,5.5,6.0,0,5.0,64,4.0,3.2,36,0.8,5.6,3,3,0,0,3,165,223.0,95.6,101.0,41.9
6827,181,Bobby Reid,Decordova-Reid,Fulham,8,4,8,443,3,2.0947228828445077,0,0.06302459724247456,11,2,3,2.0947228828445077,3.028801673091948,0.9166624434292316,1.7,2.2,0,3.2,53,2.9,0.2,23,0.6,4.3,2,3,0,0,2,113,121.4,49.7,180.0,35.0
7700,377,Che Adams,Adams,Southampton,16,4,9,765,3,3.506595194339752,4,1.968664176762104,19,10,3,3.506595194339752,4.629331022500992,0.7177304569631815,4.8,4.3,0,4.8,59,5.3,5.1,48,0.8,8.1,4,1,0,0,7,157,208.0,134.2,291.0,63.4
111,369,Jannik Vestergaard,Vestergaard,Southampton,16,2,8,675,2,0.49637943506240845,0,0.6078829020261765,3,2,2,0.49637943506240845,1.3465649411082268,1.3465649411082268,3.8,3.3,0,3.8,47,5.2,10.0,42,0.8,8.9,4,0,0,0,1,191,240.6,26.9,71.0,33.9
318,4,Pierre-Emerick Aubameyang,Aubameyang,Arsenal,1,3,9,806,2,1.5902884863317013,1,1.3299629194661975,13,11,1,0.8291196636855602,2.9258605167269707,0.8484869115054607,3.2,3.7,0,3.2,116,3.7,11.3,33,0.3,2.8,3,2,0,0,1,115,139.0,162.2,190.0,49.1
482,249,Roberto Firmino,Firmino,Liverpool,11,4,9,708,2,4.202005118131638,2,1.1122497841715813,19,10,2,4.202005118131638,8.142505824565887,3.787864312529564,3.2,3.2,0,2.2,92,3.7,2.3,33,0.2,3.6,2,1,0,0,3,138,147.8,143.8,375.0,66.6
556,306,Marcus Rashford,Rashford,Manchester United,13,3,8,708,2,2.39395690523088,3,0.6618929151445627,19,13,2,2.39395690523088,3.9129378460347652,1.3904315195977688,2.2,2.2,0,2.5,95,4.8,7.0,38,0.3,4.0,2,1,0,0,2,101,177.8,187.1,288.0,65.3
592,106,Ross Barkley,Barkley,"Aston Villa,Chelsea",2,3,8,494,2,1.5331400129944086,1,1.882594257593155,18,16,2,1.5331400129944086,3.769010439515114,0.7570633292198181,0.6,0.6,0,2.5,60,4.0,3.0,32,0.4,5.3,2,0,0,0,4,116,148.8,223.9,205.0,57.8
618,276,Raheem Sterling,Sterling,Manchester City,12,3,8,639,2,1.6784737631678581,1,1.7316236570477486,16,9,2,1.6784737631678581,5.488429486751556,3.3280713111162186,2.7,2.7,0,1.2,115,4.2,4.8,34,0.1,3.0,2,1,0,0,5,86,128.8,132.7,290.0,55.2
773,184,Aleksandar Mitrovic,Mitrović,Fulham,8,4,9,689,2,3.846546906977892,2,1.41880077496171,31,9,1,2.3242092169821262,3.732033673673868,0.5136613920331001,1.0,1.5,0,2.5,57,3.2,5.9,29,0.4,5.1,1,2,0,0,3,72,139.2,130.1,339.0,59.5
782,307,Ben Chilwell,Tuanzebe,Chelsea,13,2,6,23,0,0.9634217619895935,0,0.5391880609095097,6,11,2,0.9634217619895935,2.0231092274188995,1.5699789710342884,0.7,0.7,0,0.2,44,1.0,0.1,1,0.0,0.2,0,0,0,0,0,2,7.0,0.3,0.0,0.7
1024,41,Tyrone Mings,Mings,Aston Villa,2,2,8,720,2,1.3623488508164883,1,0.06867159157991409,7,2,2,1.3623488508164883,1.491055577993393,1.4746361672878265,3.2,3.2,0,3.2,53,5.4,13.3,43,0.6,8.1,4,2,0,0,3,175,221.6,27.1,119.0,37.0
1653,156,Michael Keane,Keane,Everton,7,2,9,810,2,1.1978994309902191,0,0.13641569390892982,4,2,2,1.1978994309902191,2.8896143324673176,2.753198627382517,1.3,0.8,0,0.8,51,3.1,5.7,28,0.2,5.5,1,0,0,0,1,164,218.6,25.3,84.0,32.8
2335,450,Pablo Fornals,Fornals,West Ham,19,3,9,735,2,2.1864453442394733,4,1.071741278283298,14,7,2,2.1864453442394733,5.424430988729,2.2215746380388737,4.3,4.8,0,4.8,65,5.3,2.4,48,0.7,7.4,4,1,0,0,5,137,138.2,100.1,172.0,41.1
3428,205,Hélder Costa,Costa,Leeds,10,3,8,622,2,0.40806394815444946,2,0.48946942016482353,8,6,2,0.40806394815444946,2.6070208624005318,1.9781903959810734,-0.3,0.2,0,0.2,55,4.1,6.4,33,0.0,6.0,2,0,0,0,2,94,145.0,110.1,153.0,40.6
4381,198,Mateusz Klich,Klich,Leeds,10,3,9,786,2,1.0802084375172853,3,1.1593152470886707,8,16,1,0.3190395999699831,4.893400169909,3.863963581621647,1.7,2.2,0,2.2,55,4.3,6.0,39,0.4,7.1,3,3,0,0,2,166,221.4,245.5,114.0,58.2
4456,91,Chris Wood,Wood,Burnley,4,4,8,713,2,3.1165140382945538,0,0.1704154573380947,16,3,2,3.1165140382945538,3.86109758913517,0.5741680897772312,2.5,1.5,0,3.0,62,3.2,1.0,26,0.5,4.2,3,0,0,0,2,55,93.4,47.6,246.0,38.1
4476,358,Callum Robinson,Callum Robinson,West Bromwich Albion,18,4,9,445,2,0.4568268582224846,1,0.2825646251440048,10,5,2,0.4568268582224846,1.2262493558228016,0.5694828070700169,0.5,0.5,0,1.0,55,2.9,0.6,26,0.2,4.7,1,0,0,0,3,86,86.0,75.4,124.0,28.0
5543,282,Gabriel Jesus,Jesus,Manchester City,12,4,3,270,2,1.3571264743804932,0,0.3475292809307575,9,3,2,1.3571264743804932,2.323427140712738,0.8204241991043091,4.3,4.3,0,2.8,93,5.7,1.4,17,0.3,1.8,0,1,0,0,4,56,82.6,43.8,127.0,25.4
6049,65,Solly March,March,Brighton,3,3,8,660,2,1.0765201561152935,1,0.782368766143918,7,10,2,1.0765201561152935,3.4066067077219486,1.7101752702146769,2.1,1.3,0,2.8,50,4.4,1.0,35,0.6,7.0,2,0,0,0,4,144,177.2,159.4,137.0,47.4
6055,284,Phil Foden,Foden,Manchester City,12,3,7,403,2,1.5610525757074356,1,0.195163793861866,11,3,2,1.5610525757074356,2.0900819711387157,0.38268864527344704,2.0,2.0,0,0.5,65,3.9,6.0,27,0.1,4.2,1,0,0,0,2,88,106.8,64.5,159.0,33.0
6144,441,Sébastien Haller,Haller,West Ham,19,4,8,303,2,1.4102889895439148,0,0.8095320351421833,10,5,2,1.4102889895439148,1.8950742930173874,0.14364795945584774,2.7,3.2,0,3.2,61,2.8,0.4,22,0.5,3.6,2,0,0,0,3,80,95.0,58.2,152.0,30.5
6382,474,Pedro Neto,Neto,Wolverhampton Wanderers,20,3,9,666,2,1.1467853151261806,2,1.5263155978173018,16,15,2,1.1467853151261806,3.3103678077459335,1.3074614778161049,2.8,3.3,0,3.8,55,4.2,2.1,38,0.7,6.9,4,0,0,0,1,133,190.4,243.9,216.0,65.2
6681,235,Harvey Barnes,Barnes,Leicester,9,3,9,673,2,2.936386540532112,1,0.1256322432309389,22,4,2,2.936386540532112,2.598724916577339,0.15940069407224655,3.3,3.8,0,2.8,69,4.0,4.2,36,0.4,5.2,2,0,0,0,4,91,143.8,69.5,332.0,54.4
7711,344,David McGoldrick,McGoldrick,Sheffield United,15,4,9,478,2,0.8576761838048697,0,0.44098777510225773,10,2,2,0.8576761838048697,1.6806988529860973,0.9478021636605263,1.7,2.7,0,2.2,53,2.7,0.7,24,0.4,4.5,2,0,0,0,2,80,72.0,43.9,85.0,20.0
7726,46,Ezri Konsa Ngoyo,Konsa,Aston Villa,2,2,8,720,2,0.8688459396362305,0,0.0,5,0,2,0.8688459396362305,0.5754300784319639,0.5754300784319639,3.5,3.5,0,3.5,47,5.4,8.9,43,0.7,9.1,4,0,0,0,4,168,182.4,2.6,96.0,28.1
87,340,Joelinton,Joelinton,Newcastle United,14,4,9,487,1,0.7379763815551996,1,0.7619395889341831,12,6,1,0.7379763815551996,2.037066362798214,0.5371504127979279,3.0,3.0,9,3.0,57,2.1,0.2,19,0.5,3.3,1,2,0,0,0,79,45.4,68.8,55.0,16.9
101,338,Allan Saint-Maximin,Saint-Maximin,Newcastle United,14,3,8,582,1,0.8426911998540163,1,1.2990111149847507,7,6,1,0.8426911998540163,2.9425679184496403,0.8862447999417782,0.5,0.5,0,1.8,53,3.5,5.7,28,0.3,5.3,3,0,0,0,2,86,120.6,99.5,79.0,30.0
447,272,Kevin De Bruyne,De Bruyne,Manchester City,12,3,7,562,1,2.8103908710181713,3,2.6411612406373024,25,23,0,1.2880531586706638,3.8672305047512054,1.4367830827832222,4.3,4.3,0,2.8,116,4.1,18.9,29,0.2,2.5,1,0,0,0,3,118,181.6,337.1,266.0,78.6
501,245,Danny Welbeck,Adrián,Brighton,11,1,3,180,0,0.8692126274108887,0,0.8056720197200775,6,4,1,0.8692126274108887,1.8116387724876404,0.1367541253566742,1.0,1.0,0,0.0,44,1.0,0.4,2,0.0,0.5,0,0,0,7,0,28,42.2,0.0,0.0,4.2
503,569,Theo Walcott,Cavani,"Everton,Southampton",13,4,5,82,1,1.1742691919207573,0,0.33150940388441086,10,6,1,1.1742691919207573,1.7065455242991447,0.2375781387090683,2.0,2.0,0,1.5,80,1.8,0.7,7,0.2,0.9,0,1,0,0,0,29,34.2,2.4,83.0,11.9
512,486,Scott Dann,Dann,Crystal Palace,6,2,6,540,1,0.453367218375206,0,0.01761283539235592,2,1,1,0.453367218375206,0.5027026943862438,0.48508985713124275,3.3,2.8,0,2.8,44,3.3,1.0,20,0.6,4.5,1,1,0,0,1,98,118.6,12.4,63.0,19.4
532,133,Cheikhou Kouyaté,Kouyaté,Crystal Palace,6,3,10,900,1,0.823928102850914,0,0.6860336400568485,7,4,1,0.823928102850914,1.6992983669042587,1.5633943006396294,2.5,2.0,2,2.0,50,2.8,0.6,28,0.4,5.6,1,0,0,0,2,137,180.8,33.0,87.0,30.2
535,7,Manuel Lanzini,Mustafi,West Ham,1,2,4,44,0,0.00966605357825756,0,0.03778643533587456,1,1,1,0.00966605357825756,0.11803606152534485,0.11803606152534485,0.2,0.7,0,0.2,50,1.0,0.0,2,0.0,0.4,0,0,0,0,0,13,11.6,1.0,0.0,1.3
579,279,Nathan Aké,Aké,Manchester City,12,2,4,289,1,0.40184661746025085,0,0.017229333519935608,1,1,1,0.40184661746025085,0.9447852000594139,0.9275558665394783,0.8,0.8,0,0.0,54,3.2,3.9,13,0.0,2.4,1,2,0,0,0,57,64.4,24.7,19.0,10.8
638,270,Kyle Walker,Walker,Manchester City,12,2,8,707,1,0.13952277880162,0,0.10050425678491592,6,3,1,0.13952277880162,3.583084836602211,3.406191200017929,5.7,5.7,0,4.2,61,3.8,9.7,30,0.7,4.9,2,1,0,0,4,132,140.8,72.8,57.0,26.9
669,89,Ashley Westwood,Westwood,Burnley,4,3,8,720,1,0.10419056378304958,0,1.1103647574782372,3,8,1,0.10419056378304958,2.710298791527748,2.1762008294463158,1.5,0.5,0,2.0,53,3.0,0.5,24,0.4,4.5,3,1,0,0,1,121,118.4,130.6,53.0,30.2
672,140,Jordan Ayew,Ayew,Crystal Palace,6,4,8,584,1,0.9550010748207569,1,0.08512866217643023,8,2,1,0.9550010748207569,1.4629624336957932,0.5526892235502601,3.7,3.2,2,3.2,57,3.0,1.9,24,0.6,4.2,2,0,0,0,2,62,71.0,22.6,130.0,22.4
688,115,Ruben Loftus-Cheek,Loftus-Cheek,"Chelsea,Fulham",8,3,5,252,1,0.41606677137315273,0,0.058666642755270004,4,2,1,0.41606677137315273,0.5889557283371687,0.20915240980684757,0.0,0.5,0,1.5,59,2.6,0.2,13,0.3,2.2,1,1,0,0,0,53,54.4,37.4,76.0,16.7
725,149,Ola Aina,Delph,Fulham,7,3,6,154,0,0.05428250692784786,0,0.1640811674296856,2,4,1,0.05428250692784786,1.6974086053669453,1.622466303408146,1.0,0.5,0,0.5,49,1.3,0.0,4,0.1,0.8,0,0,0,0,0,29,20.8,17.5,1.0,3.9
750,275,Riyad Mahrez,Mahrez,Manchester City,12,3,6,501,1,0.91449732799083,1,0.9924506284296513,16,12,1,0.91449732799083,3.645008906722069,2.572556361556053,2.7,2.7,0,1.2,82,4.0,2.4,24,0.1,2.9,2,0,0,0,2,81,96.0,183.6,227.0,50.7
775,137,Andros Townsend,Townsend,Crystal Palace,6,3,10,837,1,0.6545005049556494,2,1.8741772025823593,11,15,1,0.6545005049556494,3.0768583863973618,1.419473048299551,2.7,2.2,3,2.2,59,3.7,2.3,37,0.4,6.3,2,0,0,0,4,140,201.2,250.4,101.0,55.3
833,250,Virgil van Dijk,van Dijk,Liverpool,11,2,5,370,1,0.5533826053142548,0,0.0,4,0,1,0.5533826053142548,1.409594252705574,1.2884346395730972,0.0,0.0,0,0.0,63,3.0,7.9,15,0.0,2.4,1,1,0,0,1,73,82.4,4.8,66.0,15.3
842,364,Oriol Romeu,Oriol Romeu,Southampton,16,3,9,770,1,0.2298676334321499,0,0.28753139451146126,8,7,1,0.2298676334321499,2.73742663115263,2.488377682864666,1.5,1.0,0,1.5,45,2.9,4.6,26,0.3,5.8,4,3,0,0,3,112,185.4,103.2,69.0,35.7
964,412,Kyle Bartley,Bartley,West Bromwich Albion,18,2,6,540,1,0.6318190023303032,0,0.0,2,0,1,0.6318190023303032,0.3237242940813303,0.3237242940813303,0.3,0.3,0,0.8,44,2.0,0.2,12,0.2,2.7,0,1,0,0,0,76,139.0,1.7,41.0,18.1
1234,225,Dennis Praet,Praet,Leicester,9,3,8,519,1,0.29332757741212845,2,0.8014300987124443,5,5,1,0.29332757741212845,1.5260763633996248,1.180647911503911,2.7,3.2,0,2.2,55,3.6,0.4,29,0.4,5.3,3,0,0,0,1,99,109.2,93.1,80.0,28.0
1687,298,Harry Maguire,Maguire,Manchester United,13,2,8,720,1,0.6091564912348986,1,0.08616532199084759,13,2,1,0.6091564912348986,2.8177772760391235,2.7444596737623215,2.7,2.7,0,2.2,54,3.4,3.3,27,0.4,5.0,2,2,0,0,1,148,148.2,32.0,153.0,33.4
1688,255,Andrew Robertson,Robertson,Liverpool,11,2,9,810,1,0.9600103031843901,3,2.101424438878894,7,14,1,0.9600103031843901,4.550486356019974,2.8515739366412163,5.0,5.0,0,4.0,71,4.8,19.7,43,0.6,6.1,2,0,0,0,7,206,203.4,234.2,131.0,57.0
1726,512,Abdoulaye Doucouré,Doucouré,Everton,7,3,9,738,1,1.0799218192696571,1,1.131835237145424,9,9,1,1.0799218192696571,5.156435698270798,3.8610313311219215,3.3,2.8,0,2.8,53,2.8,1.2,25,0.5,4.7,1,3,0,0,2,154,164.8,123.3,148.0,43.6
1746,485,Jeff Hendrick,Hendrick,Newcastle United,14,3,9,760,1,0.3619119096547365,1,0.7870321273803711,7,1,1,0.3619119096547365,2.1575567312538624,1.0695158205926418,1.8,1.8,3,1.8,48,3.4,2.6,31,0.4,6.5,2,0,0,0,3,95,109.8,22.4,46.0,17.5
2251,262,Gareth Bale,Brewster,Tottenham,15,4,3,256,0,0.8554961681365967,0,0.6707940697669983,6,3,1,0.8554961681365967,1.1169518530368805,0.6550783812999725,0.7,1.7,0,1.2,45,1.4,6.2,7,0.3,1.6,0,0,0,0,0,15,12.0,33.8,11.0,5.7
2381,492,Rodrigo,Rodrigo,Leeds,10,4,7,340,1,1.3538353368639946,1,0.5202844440937042,16,8,1,1.3538353368639946,2.5636316761374474,1.59388960711658,-0.3,0.2,0,0.2,57,2.7,2.1,19,0.0,3.3,1,0,0,0,3,65,63.0,102.8,183.0,34.9
3288,490,Thiago Silva,Thiago Silva,Chelsea,5,2,5,432,1,0.601676344871521,0,0.059103842824697495,2,1,1,0.601676344871521,1.5688917879015207,1.5688917879015207,4.0,3.5,0,3.5,55,5.6,3.2,28,0.6,5.1,3,0,0,0,1,124,159.6,18.0,52.0,23.0
3293,392,Lucas Moura,Lucas Moura,Tottenham,17,3,8,368,1,0.8460060954093933,0,0.15011977776885033,5,2,1,0.8460060954093933,1.8436444345861673,0.8742311205714941,0.5,0.5,0,0.5,68,2.2,1.3,18,0.1,2.6,1,0,0,0,1,37,52.2,42.6,121.0,21.5
3294,470,Edinson Cavani,Kilman,Manchester United,20,2,4,540,0,0.7387722581624985,1,0.0,5,0,1,0.7387722581624985,1.246113508939743,0.5631503462791443,1.2,1.7,0,2.2,43,5.3,15.5,32,0.5,7.4,3,1,0,0,6,121,102.0,37.6,45.0,18.4
3491,461,Romain Saiss,Saïss,Wolverhampton Wanderers,20,2,6,517,1,0.4559383224695921,0,0.3386978209018707,4,1,1,0.4559383224695921,1.0354093611240387,0.40667929500341415,0.0,0.0,0,0.0,51,6.3,11.9,38,0.0,7.5,4,0,0,0,7,135,123.4,24.8,60.0,21.0
3600,597,Serge Aurier,Sánchez,Tottenham,3,1,3,90,0,0.4603444039821625,0,0.7415898442268372,3,2,1,0.4603444039821625,1.4063169360160828,0.46185387670993805,0.2,-0.8,0,0.2,44,1.0,0.0,1,0.0,0.2,0,0,0,2,0,12,19.0,0.0,0.0,1.9
5220,500,Kai Havertz,Havertz,Chelsea,5,3,7,550,1,0.7148860339075327,2,0.5479235798120499,6,8,1,0.7148860339075327,2.9648445770144463,1.9490444734692574,1.3,0.8,0,0.8,83,3.7,3.6,26,0.1,3.1,3,1,0,0,0,92,109.0,126.4,84.0,32.0
5556,548,Ademola Lookman,Mendy,Fulham,5,1,6,450,0,1.4736746698617935,0,0.7483541034162045,15,12,1,0.7125058025121689,3.827131509780884,2.5221732705831528,4.0,3.5,0,3.5,51,5.4,7.0,27,0.7,5.3,4,0,0,7,0,110,57.6,0.0,0.0,5.8
5584,313,Aaron Wan-Bissaka,Wan-Bissaka,Manchester United,13,2,7,630,1,0.13602694869041443,0,0.15819459781050682,2,3,1,0.13602694869041443,0.9286571256816387,0.634435560554266,2.6,2.6,0,3.0,54,3.7,8.7,26,0.6,4.8,2,0,0,0,2,126,145.2,52.0,50.0,24.6
5609,76,Yves Bissouma,Bissouma,Brighton,3,3,8,718,1,0.4054624494165182,0,0.018893089145421982,14,1,1,0.4054624494165182,2.086758503690362,1.8664468713104725,1.2,0.2,0,1.2,45,2.4,3.4,19,0.3,4.2,2,3,1,0,2,86,105.4,42.7,71.0,21.7
5613,494,Gabriel,Gabriel,Arsenal,1,2,8,720,1,0.826672401279211,0,0.0,6,0,1,0.826672401279211,1.5845253206789494,1.5845253206789494,3.5,4.0,0,3.5,51,4.6,11.3,37,0.7,7.3,3,1,0,0,5,165,200.6,7.2,91.0,29.9
5656,18,Nicolas Pepe,Pépé,Arsenal,1,3,8,277,1,0.44805292319506407,0,0.13034621253609657,8,2,1,0.44805292319506407,0.7651382274925709,0.42452431097626686,0.0,0.0,0,-0.2,76,1.4,0.7,11,0.0,1.4,0,0,1,0,0,29,41.2,38.5,83.0,16.2
5681,403,Giovani Lo Celso,Lo Celso,Tottenham,17,3,6,209,1,1.3039591405540705,0,0.3824579268693924,9,6,1,1.3039591405540705,2.465800665318966,1.209971065632999,1.5,1.5,0,2.0,69,2.0,0.4,12,0.3,1.7,1,1,0,0,0,38,67.4,86.3,94.0,24.8
5962,405,Tanguy NDombele Alvaro,Ndombele,Tottenham,17,3,9,480,1,0.5061023738235235,1,0.8992753624916077,4,7,1,0.5061023738235235,3.279811166226864,1.9993453323841095,2.5,2.5,0,2.5,59,2.8,0.4,25,0.4,4.2,4,2,0,0,0,99,103.2,106.8,79.0,28.9
6026,166,Richarlison,Richarlison,Everton,7,4,6,457,1,2.950384547933936,4,1.2057605041190982,19,5,0,2.189215710386634,3.922734558582306,1.1792833544313908,1.7,1.2,0,1.2,78,4.5,4.3,27,0.2,3.5,1,1,1,0,4,96,122.2,65.5,263.0,44.9
6027,144,Jairo Riedewald,Riedewald,Crystal Palace,6,3,8,449,1,0.38450296595692635,0,0.2257680520415306,2,5,1,0.38450296595692635,1.179938405752182,0.704418059438467,2.3,1.8,1,1.8,44,2.5,2.0,20,0.4,4.5,1,0,0,0,1,77,106.2,63.4,37.0,20.8
6063,497,Jacob Murphy,Murphy,Newcastle United,14,3,5,364,1,0.2277907095849514,0,0.07653497159481049,6,2,1,0.2277907095849514,0.13456170819699764,0.05567648261785507,1.0,1.0,0,1.0,49,2.8,0.1,14,0.2,2.9,0,2,0,0,2,43,77.0,31.2,47.0,15.4
6157,498,Timothy Castagne,Castagne,Leicester,9,2,6,540,1,0.6386942118406296,3,0.7428794074803591,2,5,1,0.6386942118406296,1.8810895550996065,1.2083810418844223,0.4,0.8,0,0.0,57,5.8,8.5,35,0.0,6.1,2,1,0,0,4,136,145.0,78.1,86.0,31.0
6456,122,Callum Hudson-Odoi,Hudson-Odoi,Chelsea,5,3,5,168,1,0.22291434556245804,0,0.4831446073949337,5,5,1,0.22291434556245804,0.8714801222085953,0.5124482633545995,1.0,0.5,0,0.5,57,2.4,0.3,12,0.1,2.1,1,0,0,0,0,50,49.6,72.6,65.0,18.7
6482,22,Eddie Nketiah,Nketiah,Arsenal,1,4,8,145,1,0.7375370152294636,0,0.0957065299153328,3,2,1,0.7375370152294636,0.8796922527253628,0.046448688954114914,0.5,1.0,0,0.5,56,1.9,0.6,15,0.1,2.7,0,0,0,0,3,51,48.0,25.4,66.0,13.7
6521,162,Yerry Mina,Mina,Everton,7,2,8,720,1,0.5750916507095098,0,0.0,3,0,1,0.5750916507095098,2.0124242901802063,1.9999701976776123,0.7,0.2,0,0.2,55,2.5,2.0,20,0.0,3.6,1,1,0,0,1,132,190.2,4.7,59.0,25.4
6651,446,Grady Diangana,Diangana,West Bromwich Albion,18,3,9,649,1,0.5686898976564407,0,0.09041122905910015,10,4,1,0.5686898976564407,0.9028162807226181,0.4954313803464174,0.7,0.7,0,1.2,54,2.6,0.4,23,0.2,4.3,1,0,0,0,0,62,104.4,74.8,126.0,30.5
6674,247,Rayan Ait Nouri,Shaqiri,Wolverhampton Wanderers,11,3,3,51,0,0.08742459677159786,1,0.16420002281665802,3,3,1,0.08742459677159786,0.7008548974990845,0.6451807916164398,1.1,1.1,0,1.2,64,2.5,0.1,5,0.2,0.8,0,0,0,0,0,23,22.4,16.6,2.0,4.1
6818,231,James Maddison,Maddison,Leicester,9,3,8,358,1,0.39046937972307205,2,0.43101824820041656,8,9,1,0.39046937972307205,1.3105722106993198,0.9469695650041103,2.7,3.2,0,2.2,70,3.0,2.8,24,0.3,3.4,2,1,0,0,1,78,78.6,143.5,89.0,30.9
6835,175,Tom Cairney,Cairney,Fulham,8,3,8,687,1,0.3603972038254142,1,0.892491664737463,9,16,1,0.3603972038254142,3.192157194018364,2.84126153588295,0.7,1.2,0,2.2,53,3.0,0.2,24,0.4,4.5,1,2,0,0,2,153,168.4,253.6,88.0,51.0
6892,443,Fabián Balbuena,Balbuena,West Ham,19,2,7,630,1,0.22444050759077072,0,0.0,4,0,1,0.22444050759077072,1.1814900934696198,1.1814900934696198,2.7,3.2,0,3.2,44,4.7,1.6,33,0.7,7.5,4,1,0,0,0,139,146.2,5.7,34.0,18.6
6893,368,Stuart Armstrong,Armstrong,Southampton,16,3,7,601,1,0.6626549437642097,2,0.5016130190342665,10,8,1,0.6626549437642097,2.0163419246673584,1.1034529581665993,4.2,3.7,0,4.2,55,4.4,0.7,31,0.8,5.6,4,0,0,0,2,99,122.2,117.8,77.0,31.7
7063,153,Bernard,Tosun,Everton,7,4,3,31,0,0.07622557133436203,0,0.26667107455432415,2,5,1,0.07622557133436203,0.5870660543441772,0.2924884334206581,0.7,0.2,0,0.2,60,0.5,0.0,1,0.0,0.2,0,1,0,0,0,3,2.2,10.8,2.0,1.5
7153,481,Matheus Pereira,Pereira,West Bromwich Albion,18,3,8,662,1,0.5219235792756081,2,0.6540757771581411,13,12,1,0.5219235792756081,0.9226516243070364,0.3836926631629467,0.3,0.3,0,0.8,58,3.4,1.3,27,0.1,4.7,1,0,0,0,0,108,131.4,176.2,100.0,40.8
7322,24,Bukayo Saka,Saka,Arsenal,1,3,7,543,1,1.600557655096054,0,0.4065277697518468,13,5,1,1.600557655096054,3.178240653127432,1.523199688643217,1.0,1.5,0,1.0,52,2.7,2.6,19,0.2,3.7,2,0,0,0,1,75,103.0,85.6,213.0,40.2
7390,542,Karlan Grant,Reguilón,West Bromwich Albion,17,2,5,450,0,0.7023757547140121,2,0.14918647333979607,7,2,1,0.7023757547140121,0.6814534738659859,0.09901395440101624,4.0,4.0,0,4.0,56,4.4,4.8,22,0.7,3.9,2,1,0,0,0,105,120.6,97.2,61.0,27.9
7698,69,Leandro Trossard,Trossard,Brighton,3,3,7,588,1,1.3300457913428545,2,1.6230096332728863,16,12,1,1.3300457913428545,2.696824036538601,1.102305632084608,0.5,-0.5,0,0.5,60,3.9,1.0,27,0.1,4.5,2,1,0,0,1,82,85.6,155.0,139.0,37.8
7701,382,Moussa Djenepo,Djenepo,Southampton,16,3,6,384,1,0.2505314350128174,1,0.19857055693864822,5,3,1,0.2505314350128174,1.6254972144961357,1.1959860995411873,1.2,0.7,0,1.2,54,3.2,0.1,19,0.2,3.5,2,1,0,0,0,68,65.8,41.8,74.0,18.0
7712,343,Billy Sharp,Sharp,Sheffield United,15,4,4,129,1,1.4454707354307175,0,0.0,3,0,0,0.6843018978834152,0.7390252500772476,0.0547233521938324,-0.5,0.5,0,0.0,56,2.8,0.1,11,0.0,2.0,0,0,0,0,2,25,36.6,4.9,61.0,10.3
7721,33,Conor Hourihane,Hourihane,Aston Villa,2,3,3,152,1,0.4241124987602234,1,0.9191879034042358,3,5,1,0.4241124987602234,0.5333448797464371,0.05572666600346565,0.2,0.2,0,0.2,60,6.0,0.1,18,0.0,3.0,2,0,0,0,3,60,63.4,79.3,23.0,16.6
7723,38,John McGinn,McGinn,Aston Villa,2,3,8,720,1,0.2276057219132781,4,1.6936569772660732,9,15,1,0.2276057219132781,3.556522861123085,1.8159882128238678,1.8,1.8,0,1.8,55,4.5,2.2,36,0.3,6.5,4,3,0,0,2,143,168.2,210.2,85.0,46.3
7753,239,James Justin,Justin,Leicester,9,2,9,810,1,0.18283721432089806,1,0.3149769455194473,3,4,1,0.18283721432089806,1.9717062562704086,1.6269921846687794,2.5,3.0,0,2.0,48,3.8,23.6,34,0.4,7.1,3,2,0,0,1,144,146.0,69.0,44.0,26.0
7768,120,Mason Mount,Mount,Chelsea,5,3,8,629,1,1.1702060857787728,3,1.3079908192157745,18,14,1,1.1702060857787728,2.9862966733053327,1.770980074070394,4.0,3.5,0,3.5,68,4.1,4.6,33,0.5,4.9,2,0,0,0,2,141,158.4,212.2,216.0,58.7
7991,78,Aaron Connolly,Connolly,Brighton,3,4,6,288,1,0.5869272574782372,1,0.10952901840209961,6,3,1,0.5869272574782372,0.6948071382939816,0.031005606055259705,0.2,-0.8,0,0.2,53,3.0,0.4,18,0.0,3.4,1,0,0,0,2,49,56.4,34.3,69.0,15.9
8067,123,Reece James,James,Chelsea,5,2,8,633,1,0.212431401014328,1,0.9663016572594643,8,9,1,0.212431401014328,2.760405612178147,2.552762364037335,4.5,4.0,0,4.0,51,5.1,13.0,41,0.8,8.0,3,1,0,0,8,186,194.6,172.3,76.0,44.5
8226,77,Tariq Lamptey,Lamptey,Brighton,3,2,9,720,1,0.7030039094388485,3,0.7277553975582123,6,8,1,0.7030039094388485,4.2765000239014626,3.480424553155899,0.0,0.0,0,3.5,48,3.1,10.9,28,0.7,5.8,1,2,1,0,2,122,137.2,148.0,146.0,43.2
8285,360,Sander Berge,Berge,Sheffield United,15,3,9,734,1,1.039835574105382,1,1.0699289124459028,7,10,0,0.2786667514592409,1.9420485459268093,1.3266663067042828,1.5,2.5,0,2.0,50,2.6,0.3,23,0.4,4.6,0,3,0,0,1,118,148.4,128.9,106.0,38.3
8288,449,Tomas Soucek,Soucek,West Ham,19,3,9,810,1,2.6467417925596237,1,0.34041366539895535,20,5,1,2.6467417925596237,3.6164300590753555,1.2534822262823582,3.0,3.5,0,3.5,49,3.3,3.4,30,0.7,6.1,4,1,0,0,1,81,136.6,64.7,224.0,42.5
8291,469,Daniel Podence,Podence,Wolverhampton Wanderers,20,3,8,584,1,1.401754453778267,2,0.9174429103732109,14,9,1,1.401754453778267,2.8586747124791145,1.0057445839047432,1.8,2.3,0,2.8,54,3.9,3.1,31,0.5,5.7,5,0,0,0,0,97,124.2,131.6,165.0,42.0
8379,561,Alexis Mac Allister,Fofana,Brighton,9,2,3,450,0,0.05224207788705826,0,0.0,1,0,1,0.05224207788705826,0.05224207788705826,0.0,3.0,3.5,0,2.5,50,3.4,0.6,17,0.5,3.4,2,2,0,0,2,95,98.4,15.7,6.0,11.9
8481,519,Jimmy Dunne,Dunne,Burnley,4,2,2,180,1,0.22237548604607582,0,0.10200031474232674,3,2,1,0.22237548604607582,0.10443910025060177,0.043035658076405525,-0.5,-1.5,0,0.0,40,4.0,6.4,8,0.0,2.0,0,0,0,0,0,35,66.2,21.2,38.0,12.6
8706,489,Eberechi Eze,Eze,Crystal Palace,6,3,9,497,1,0.9957756735384464,1,0.3227128144353628,9,5,1,0.9957756735384464,1.4654407016932964,0.4808042570948601,5.0,4.5,2,4.5,58,2.8,0.7,25,0.8,4.3,0,0,0,0,3,90,110.8,84.4,93.0,28.9
8718,200,Stuart Dallas,Dallas,Leeds,10,2,9,800,1,1.1714191082865,1,0.38305145129561424,11,4,1,1.1714191082865,4.5522004291415215,3.920166991651058,2.3,2.8,0,2.8,45,3.3,5.9,30,0.6,6.7,3,3,0,0,0,165,182.4,82.3,133.0,39.8
8720,203,Jack Harrison,Harrison,Leeds,10,3,8,700,1,0.4275017948821187,2,2.532017692923546,9,21,1,0.4275017948821187,5.160095509141684,2.553461417555809,2.3,2.8,0,2.8,55,4.0,1.5,32,0.5,5.8,3,0,0,0,2,121,171.8,280.6,130.0,58.3
8821,495,Donny van de Beek,van de Beek,Manchester United,13,3,6,86,1,0.28271791338920593,0,0.0460856556892395,1,1,1,0.28271791338920593,0.6322868950664997,0.3034832999110222,1.0,1.0,0,0.5,67,1.8,1.8,11,0.1,1.6,0,0,0,0,0,37,44.2,22.1,39.0,10.5
8992,232,Hakim Ziyech,Chilwell,Chelsea,5,2,5,531,2,0.1500252801924944,2,2.465492159128189,5,10,1,0.1500252801924944,1.8152235746383667,0.6395292058587074,5.7,5.2,0,5.2,61,8.0,32.8,48,0.9,7.9,4,1,0,0,4,186,213.0,189.1,133.0,53.6
76,264,Fabian Schär,Neco Williams,Newcastle United,11,2,7,37,0,0.023183558136224747,0,0.0,1,0,0,0.023183558136224747,0.23564091324806213,0.2124573513865471,1.2,1.2,0,0.2,39,1.0,3.9,1,0.1,0.3,0,0,0,0,0,8,7.6,11.7,0.0,1.9
181,8,Bernd Leno,Leno,Arsenal,1,1,9,810,0,0.0,0,0.0,0,0,0,0.0,0.8804288506507874,0.8804288506507874,4.8,5.3,0,4.8,50,4.2,9.0,38,1.0,7.6,3,0,0,25,5,179,202.8,0.0,0.0,20.3
200,116,Andreas Christensen,Christensen,Chelsea,5,2,4,315,0,0.045277103781700134,0,0.0,1,0,0,0.045277103781700134,1.3784126043319702,1.3784126043319702,0.5,0.0,0,0.0,48,0.0,0.2,0,0.0,0.0,0,1,1,0,0,41,70.0,4.1,20.0,9.5
204,9,Granit Xhaka,Xhaka,Arsenal,1,3,7,497,0,0.31906741857528687,0,0.08170896768569946,6,1,0,0.31906741857528687,3.073311470448971,3.0160873755812645,0.8,1.3,0,0.8,53,1.9,0.5,13,0.2,2.5,2,1,0,0,0,57,62.6,34.5,30.0,12.7
229,531,Thiago Alcántara,Thiago,Liverpool,11,3,2,135,0,0.07696604169905186,0,0.19801561906933784,3,3,0,0.07696604169905186,0.9955017864704132,0.8915295600891113,0.5,0.5,0,0.0,58,1.5,1.1,3,0.0,0.5,0,0,0,0,0,22,20.2,44.6,12.0,7.7
239,57,Pascal Groß,Groß,Brighton,3,3,8,342,0,0.24377112090587616,2,1.0381021043285728,5,11,0,0.24377112090587616,1.9347272291779518,1.0281789749860764,3.5,2.5,0,3.5,58,2.4,0.1,19,0.6,3.3,1,0,0,0,1,86,100.8,179.4,68.0,34.9
314,67,Ilkay Gündogan,Veltman,Manchester City,3,2,4,352,0,0.08916252851486206,0,0.1714705005288124,2,3,0,0.08916252851486206,1.0517519414424896,0.8201722875237465,2.8,1.8,0,2.8,43,2.6,0.4,13,0.7,3.0,1,0,0,0,3,75,88.6,47.3,4.0,14.2
332,246,Joel Matip,Matip,Liverpool,11,2,4,271,0,0.1675095111131668,0,0.4163244664669037,2,1,0,0.1675095111131668,1.7671456336975098,1.7671456336975098,2.8,2.8,0,1.8,54,2.2,0.7,9,0.3,1.7,1,1,0,0,0,52,37.6,12.4,26.0,7.6
342,14,Sead Kolasinac,Kolasinac,Arsenal,1,2,1,90,0,0.0,0,0.0,0,0,0,0.0,0.42935803532600403,0.42935803532600403,0.0,0.1,0,0.0,48,2.0,0.2,2,0.0,0.4,0,0,0,0,0,9,3.6,5.4,4.0,1.3
343,396,Pierre-Emile Højbjerg,Højbjerg,Tottenham,17,3,9,810,0,0.03351501375436783,1,0.7287896275520325,2,5,0,0.03351501375436783,5.123932600021362,4.757125049829483,2.0,2.0,0,2.0,49,2.6,0.8,23,0.4,4.7,3,1,0,0,0,131,166.0,88.0,13.0,26.8
461,322,Matt Ritchie,Ritchie,Newcastle United,14,3,2,90,0,0.07816017046570778,0,0.28701353445649147,2,2,0,0.07816017046570778,0.3339024856686592,0.053926028311252594,0.2,0.2,1,0.2,49,1.5,0.0,3,0.0,0.6,0,0,0,0,0,16,11.6,23.3,18.0,5.3
484,571,Divock Origi,Andersen,Liverpool,8,2,1,270,0,0.0,0,0.0,0,0,0,0.0,0.04888501763343811,0.04888501763343811,0.7,1.2,0,2.2,45,3.0,0.0,9,0.5,2.0,1,0,0,0,0,46,43.0,3.8,5.0,5.1
485,127,Mamadou Sakho,Sakho,Crystal Palace,6,2,4,275,0,0.0188349187374115,0,0.0,1,0,0,0.0188349187374115,0.5140529274940491,0.5140529274940491,0.5,0.0,0,0.0,45,1.0,0.3,4,0.0,0.9,0,0,0,0,0,33,36.6,1.6,6.0,4.5
486,54,Adam Lallana,Lallana,Brighton,3,3,9,515,0,0.3709735833108425,1,1.3285104781389236,6,10,0,0.3709735833108425,2.9355283081531525,1.3504007309675217,1.7,0.9,0,2.2,62,2.1,0.4,19,0.4,3.1,2,0,0,0,0,81,60.8,142.0,101.0,30.1
489,241,James Milner,Milner,Liverpool,11,3,7,184,0,0.05293690413236618,2,0.47091480903327465,1,6,0,0.05293690413236618,2.0273940935730934,1.6367406025528908,4.2,4.2,0,3.2,53,2.4,0.3,17,0.6,3.2,1,0,0,0,2,69,63.2,89.4,24.0,17.6
492,11,Héctor Bellerín,Bellerín,Arsenal,1,2,9,810,0,0.08624733425676823,3,0.9731387086212635,2,6,0,0.08624733425676823,2.5853305645287037,2.357528705149889,5.5,6.0,0,5.5,51,4.8,9.9,43,1.1,8.4,3,3,0,0,9,181,140.2,115.7,49.0,30.6
496,526,Mohamed Elneny,Elneny,Arsenal,1,3,5,450,0,0.19127251207828522,0,0.09891979023814201,3,2,0,0.19127251207828522,1.9256819114089012,1.6354896016418934,0.3,0.4,0,1.2,44,2.4,1.4,12,0.3,2.7,2,0,0,0,0,74,59.4,38.8,24.0,12.2
500,159,Alex Iwobi,Iwobi,Everton,7,3,8,272,0,0.05344681441783905,2,0.6595174297690392,1,3,0,0.05344681441783905,2.067064344882965,1.3541001584380865,2.3,1.8,0,1.8,59,2.0,0.2,16,0.3,2.7,0,0,0,0,0,64,62.6,56.5,36.0,15.5
502,103,Olivier Giroud,Giroud,Chelsea,5,4,4,36,0,0.0,0,0.0,0,0,0,0.0,0.059130746871232986,0.059130746871232986,1.3,0.8,0,0.8,67,1.0,0.6,4,0.1,0.6,0,0,0,0,0,10,3.0,3.9,6.0,1.3
510,134,Joel Ward,Ward,Crystal Palace,6,2,5,450,0,0.0,0,0.012522825039923191,0,1,0,0.0,0.540371797978878,0.540371797978878,0.5,0.0,0,0.0,44,1.8,0.9,9,0.0,2.0,1,2,0,0,0,46,66.8,15.7,4.0,8.7
527,550,Adrián,Molumby,Liverpool,3,3,2,1,0,0.0,0,0.0,0,0,0,0.0,0.3626532182097435,0.3626532182097435,0.2,-0.8,0,0.2,45,1.0,0.0,1,0.0,0.2,0,0,0,0,0,3,0.0,0.0,0.0,0.0
528,432,Angelo Ogbonna,Ogbonna,West Ham,19,2,9,782,0,0.16635036375373602,0,0.14660999178886414,4,1,0,0.16635036375373602,1.7690932154655457,1.7690932154655457,2.5,3.0,0,3.0,49,3.1,0.4,28,0.6,5.7,4,2,0,0,0,135,138.4,14.3,41.0,19.3
533,427,Mark Noble,Noble,West Ham,19,3,4,71,0,0.0,0,0.01188643742352724,0,1,0,0.0,0.22685986757278442,0.22685986757278442,-0.3,0.2,0,0.2,47,1.2,0.5,5,0.0,1.1,0,0,0,0,0,16,7.0,13.1,0.0,2.0
534,435,Aaron Cresswell,Cresswell,West Ham,19,2,9,810,0,0.22402427718043327,3,1.507615277543664,3,18,0,0.22402427718043327,3.117194849997759,2.4920456632971764,3.0,3.5,0,3.5,52,5.0,10.6,45,0.7,8.7,4,0,0,0,6,226,235.8,285.7,9.0,53.1
537,320,Andy Carroll,Carroll,Newcastle United,14,4,7,178,0,0.3078190293163061,1,0.02349383942782879,6,1,0,0.3078190293163061,0.4317518463358283,0.13510008435696363,0.2,0.2,0,0.8,52,1.6,0.3,11,0.2,2.1,1,0,0,0,0,26,18.8,16.9,90.0,12.5
545,407,Kieran Gibbs,Gibbs,West Bromwich Albion,18,2,2,135,0,0.0,0,0.018616270273923874,0,1,0,0.0,0.30512529611587524,0.28650902956724167,-0.4,-0.4,0,0.0,43,-1.5,0.2,-3,0.0,-0.7,0,0,1,0,0,11,7.4,13.2,2.0,2.3
546,291,David de Gea,de Gea,Manchester United,13,1,8,720,0,0.0,0,0.0,0,0,0,0.0,0.09414176642894745,0.09414176642894745,3.0,3.0,0,2.5,54,2.6,3.9,21,0.5,3.9,2,0,0,15,0,111,126.0,0.0,0.0,12.7
549,312,Timothy Fosu-Mensah,Fosu-Mensah,Manchester United,13,2,1,80,0,0.015449298545718193,0,0.30515241622924805,1,2,0,0.015449298545718193,0.4019051194190979,0.3608218729496002,0.5,0.5,0,0.0,44,0.0,0.1,0,0.0,0.0,0,1,0,0,0,17,17.8,30.5,16.0,6.4
553,303,Anthony Martial,Martial,Manchester United,13,4,5,377,0,0.9479454196989536,1,0.09703517705202103,7,1,0,0.9479454196989536,1.6232052892446518,1.048408079892397,1.5,1.5,0,1.0,87,1.8,3.8,9,0.1,1.0,1,0,1,0,0,13,18.2,30.4,148.0,19.3
554,511,Juan Mata,Lowe,Manchester United,15,2,4,278,0,0.17761727795004845,0,0.21451472491025925,3,7,0,0.17761727795004845,0.8404341600835323,0.6328235734254122,0.5,1.5,0,1.0,44,1.2,0.1,5,0.2,1.1,0,0,0,0,0,21,51.4,5.9,11.0,6.8
573,293,Odion Ighalo,Ighalo,Manchester United,13,4,1,9,0,0.0,0,0.0,0,0,0,0.0,0.0,0.0,0.5,0.5,0,0.0,62,1.0,0.2,1,0.0,0.2,0,0,0,0,0,1,0.0,0.1,2.0,0.2
585,152,Seamus Coleman,Coleman,Everton,7,2,6,447,0,0.04070584662258625,1,0.5829970985651016,2,3,0,0.04070584662258625,2.373678967356682,2.296406302601099,0.0,0.0,0,0.2,49,2.7,0.8,16,0.0,3.3,1,0,0,0,1,97,112.4,46.1,34.0,19.3
586,273,John Stones,Stones,Manchester City,12,2,1,90,0,0.0,0,0.0,0,0,0,0.0,0.0,0.0,1.5,1.5,0,0.0,48,2.0,0.4,2,0.0,0.4,0,0,0,0,0,14,20.2,0.3,0.0,2.1
589,131,James McCarthy,McCarthy,Crystal Palace,6,3,5,329,0,0.012277675792574883,0,0.016179664060473442,1,1,0,0.012277675792574883,0.8561866134405136,0.8561866134405136,0.7,0.2,0,0.2,45,1.8,1.3,9,0.0,2.0,1,1,0,0,0,47,52.2,25.0,8.0,8.5
603,75,Nathaniel Clyne,Bernardo,Crystal Palace,3,2,5,25,0,0.05032751150429249,0,0.036821018904447556,2,1,0,0.05032751150429249,0.7752835489809513,0.7249560318887234,0.2,-0.8,0,0.2,39,1.0,8.5,1,0.1,0.3,0,0,0,0,0,3,4.2,1.1,2.0,0.7
605,244,Jordan Henderson,Henderson,Liverpool,11,3,6,470,0,0.536552531644702,0,0.438308198004961,7,4,0,0.536552531644702,3.7053387090563774,3.2857281118631363,1.0,1.0,0,1.0,54,1.8,1.0,11,0.2,2.0,0,0,0,0,0,81,75.4,82.5,50.0,20.9
606,132,Christian Benteke,Benteke,Crystal Palace,6,4,6,58,0,0.7461127042770386,0,0.0,5,0,0,0.7461127042770386,0.2470469642430544,0.11548461206257343,1.5,1.0,1,1.0,55,1.0,0.2,6,0.2,1.1,0,0,0,0,0,9,4.2,1.0,55.0,6.0
614,266,Fernandinho,Fernandinho,Manchester City,12,2,4,154,0,0.49067822843790054,0,0.0,4,0,0,0.49067822843790054,0.7412513867020607,0.7049412503838539,1.5,1.5,0,0.0,54,1.2,0.7,5,0.0,0.9,0,0,0,0,0,24,33.4,13.2,30.0,7.7
619,165,Sergio Agüero,Holgate,Manchester City,7,2,2,90,0,0.04538629576563835,0,0.7107192277908325,1,3,0,0.04538629576563835,0.9011620879173279,0.47545456886291504,0.5,0.0,0,0.0,48,0.0,0.1,0,0.0,0.0,0,1,0,0,0,18,22.0,0.3,0.0,2.2
620,233,Kelechi Iheanacho,Iheanacho,Leicester,9,4,3,101,0,0.11031043902039528,0,0.3915495425462723,2,3,0,0.11031043902039528,0.5018599629402161,0.0,0.5,1.0,0,0.0,56,1.3,0.3,4,0.0,0.7,1,0,0,0,0,12,8.6,38.1,29.0,7.6
624,101,Willy Caballero,Caballero,Chelsea,5,1,1,90,0,0.0,0,0.0,0,0,0,0.0,0.14356312155723572,0.14356312155723572,0.5,0.0,0,0.0,47,1.0,0.2,1,0.0,0.2,0,0,0,0,0,7,4.2,0.0,0.0,0.4
633,130,James McArthur,McArthur,Crystal Palace,6,3,8,689,0,0.14097371697425842,0,0.7158852443099022,4,8,0,0.14097371697425842,1.3756332248449326,0.5851004775613546,2.3,1.8,3,1.8,53,2.0,0.1,16,0.3,3.0,2,2,0,0,0,77,95.8,72.8,26.0,19.5
635,363,Alex McCarthy,McCarthy,Southampton,16,1,9,810,0,0.0,0,0.0,0,0,0,0.0,1.4273141995072365,1.4273141995072365,4.0,3.5,0,4.0,45,4.4,20.4,40,0.9,8.9,4,0,0,29,5,184,237.0,0.0,0.0,23.8
637,383,Hugo Lloris,Lloris,Tottenham,17,1,9,810,0,0.0,0,0.0,0,0,0,0.0,1.0665372554212809,1.0665372554212809,3.4,3.4,0,4.5,55,4.1,5.3,37,0.8,6.7,3,0,0,22,5,159,159.2,0.0,0.0,16.0
639,386,Toby Alderweireld,Alderweireld,Tottenham,17,2,6,530,0,0.01410648226737976,0,0.18203779309988022,1,2,0,0.01410648226737976,1.8042862862348557,1.8042862862348557,0.0,0.0,0,3.8,54,4.3,1.6,26,0.7,4.8,3,0,0,0,3,116,141.0,26.3,19.0,18.7
643,391,Eric Dier,Dier,Tottenham,17,2,8,720,0,0.42941970750689507,0,0.0,2,0,0,0.42941970750689507,1.9638297036290169,1.9638297036290169,3.8,3.8,0,3.8,49,3.5,1.6,28,0.8,5.7,3,0,0,0,1,140,162.8,4.4,14.0,18.2
644,387,Erik Lamela,Lamela,Tottenham,17,3,5,187,0,0.5957515016198158,1,0.0793723315000534,8,2,0,0.5957515016198158,1.1562599688768387,0.717145211994648,0.0,0.0,0,0.5,58,1.6,0.1,8,0.1,1.4,0,1,0,0,0,30,23.8,33.3,95.0,14.9
645,394,Dele Alli,Alli,Tottenham,17,3,2,66,0,0.23423461616039276,0,0.033409710973501205,2,1,0,0.23423461616039276,0.5377846956253052,0.3720432221889496,0.0,0.0,0,0.0,74,1.0,0.6,2,0.0,0.3,0,0,0,0,0,8,9.4,13.7,25.0,4.8
660,395,Ben Davies,Davies,Tottenham,17,2,6,382,0,0.0732225775718689,1,0.07410842180252075,1,2,0,0.0732225775718689,1.2041133791208267,1.164360836148262,0.2,0.2,0,0.2,47,2.7,0.9,16,0.0,3.4,1,0,0,0,0,71,49.6,54.7,46.0,15.0
661,188,Josh Onomah,Onomah,Fulham,8,3,2,131,0,0.0,0,0.0,0,0,0,0.0,0.061870550736784935,0.061870550736784935,0.0,0.0,0,0.0,47,1.5,0.0,3,0.0,0.6,0,0,0,0,0,7,12.0,7.4,2.0,2.1
681,102,César Azpilicueta,Azpilicueta,Chelsea,5,2,5,320,0,0.06197366490960121,1,0.03255231212824583,2,2,0,0.06197366490960121,1.0570411160588264,0.9828644320368767,0.5,0.0,0,0.0,58,3.4,3.2,17,0.0,2.9,2,1,0,0,0,72,71.8,39.2,33.0,14.4
682,587,Branislav Ivanovic,Benrahma,West Bromwich Albion,19,3,4,19,0,0.45947081595659256,1,0.048929497599601746,4,1,0,0.45947081595659256,0.25433648377656937,0.25433648377656937,0.7,1.2,0,1.2,60,2.5,0.2,5,0.2,0.8,0,0,0,0,0,13,19.6,11.5,52.0,8.3
695,540,Bertrand Traoré,Traoré,Aston Villa,2,3,6,139,0,0.17993046529591084,1,0.3915185332298279,4,2,0,0.17993046529591084,0.3738933950662613,0.24577529542148113,1.5,1.5,0,1.5,59,1.7,0.0,10,0.3,1.7,0,0,0,0,0,34,28.2,41.0,64.0,13.3
697,295,Nemanja Matic,Matic,Manchester United,13,3,5,254,0,0.043925367295742035,1,0.07956970948725939,2,3,0,0.043925367295742035,1.4547621011734009,1.3637994099408388,1.5,1.5,0,1.0,48,2.0,0.2,10,0.2,2.1,1,1,0,0,0,54,54.6,45.8,22.0,12.2
699,154,Gary Cahill,Bernard,Crystal Palace,7,3,2,165,1,0.0,0,0.0,0,0,0,0.0,0.04497608542442322,0.04497608542442322,2.7,2.2,0,2.2,58,3.0,0.2,9,0.4,1.6,0,1,0,0,1,37,67.2,71.2,24.0,16.2
700,478,Willian,Willian,Arsenal,1,3,8,556,0,0.9754329435527325,3,1.1140903402119875,5,8,0,0.9754329435527325,2.5056532993912697,1.1793746277689934,1.1,1.5,0,1.5,77,3.5,4.0,28,0.2,3.6,2,0,0,0,2,98,65.8,135.4,62.0,26.4
703,121,Fikayo Tomori,Tomori,Chelsea,5,2,1,45,0,0.0,0,0.0,0,0,0,0.0,0.0727275162935257,0.0727275162935257,0.5,0.0,0,0.0,47,0.0,0.2,0,0.0,0.0,0,0,0,0,0,8,26.6,0.1,0.0,2.7
706,431,Lukasz Fabianski,Fabianski,West Ham,19,1,9,810,0,0.0,0,0.0,0,0,0,0.0,0.11967554409056902,0.11967554409056902,6.0,6.5,0,6.5,50,5.6,3.6,50,1.3,10.0,4,0,0,25,8,192,195.8,0.0,0.0,19.7
708,323,Federico Fernández,Fernández,Newcastle United,14,2,10,900,0,0.0,0,0.049395130947232246,0,2,0,0.0,0.4309834726154804,0.4309834726154804,1.8,1.8,5,1.8,49,2.0,0.8,20,0.4,4.1,2,2,0,0,1,152,195.0,23.6,6.0,22.4
714,150,Gylfi Sigurdsson,Sigurdsson,Everton,7,3,9,396,0,0.3274588417261839,1,0.7063962444663048,7,6,0,0.3274588417261839,1.2748420853167772,0.8172373399138451,1.7,1.2,0,1.2,68,1.7,0.9,15,0.2,2.2,0,0,0,0,0,62,68.0,96.8,76.0,24.1
730,281,Patrick van Aanholt,Bernardo Silva,Crystal Palace,12,3,5,372,0,0.7387866117060184,0,0.26653399877250195,8,5,0,0.7387866117060184,1.296267755329609,0.4181130453944206,3.0,3.0,0,1.5,74,2.0,0.6,12,0.2,1.6,2,0,0,0,0,52,40.4,41.3,43.0,12.6
741,157,Jordan Pickford,Pickford,Everton,7,1,8,720,0,0.0,0,0.021773621439933777,0,1,0,0.0,0.9708689851686358,0.9490953637287021,1.3,0.8,0,0.8,49,2.5,6.8,20,0.2,4.1,1,0,0,24,1,132,176.2,10.0,0.0,18.7
745,217,Kasper Schmeichel,Schmeichel,Leicester,9,1,9,810,0,0.0,0,0.0,0,0,0,0.0,1.477736059576273,1.477736059576273,3.7,4.2,0,3.2,55,4.2,11.9,38,0.6,6.9,3,0,0,31,3,174,252.0,0.0,0.0,25.2
748,216,Wes Morgan,Morgan,Leicester,9,2,3,16,0,0.0,0,0.0,0,0,0,0.0,0.14461266994476318,0.14461266994476318,1.0,1.5,0,0.5,44,1.0,0.1,3,0.1,0.7,0,0,0,0,0,9,3.0,0.1,0.0,0.3
749,218,Christian Fuchs,Fuchs,Leicester,9,2,5,341,0,0.04163951426744461,0,0.0,2,0,0,0.04163951426744461,1.0950161255896091,1.068318784236908,3.0,3.5,0,2.5,45,3.4,0.4,17,0.6,3.8,2,1,0,0,2,70,78.6,5.9,9.0,9.3
751,113,N&#039;Golo Kanté,Kanté,Chelsea,5,3,9,802,0,0.07459268346428871,1,0.3517117518931627,2,3,0,0.07459268346428871,3.8635237365961075,3.4676760882139206,3.3,2.8,0,2.8,49,2.7,3.4,24,0.6,4.9,4,1,0,0,0,142,151.6,74.9,19.0,24.7
753,221,Marc Albrighton,Albrighton,Leicester,9,3,6,260,0,0.0619044154882431,0,0.5648132935166359,1,4,0,0.0619044154882431,0.733845978975296,0.10712826251983643,1.7,2.2,0,1.2,53,1.3,0.1,8,0.2,1.5,0,0,0,0,0,41,53.6,62.1,8.0,12.3
757,142,Jeffrey Schlupp,Schlupp,Crystal Palace,6,3,8,512,0,0.2931831292808056,1,0.9310951232910156,6,5,0,0.2931831292808056,2.5157882440835238,1.9556787852197886,1.7,1.2,1,1.2,54,2.5,0.1,20,0.2,3.7,4,2,0,0,1,61,78.6,64.1,63.0,20.6
759,227,Daniel Amartey,Amartey,Leicester,9,2,2,144,0,0.0,0,0.0,0,0,0,0.0,0.44324490427970886,0.44324490427970886,0.0,0.0,0,0.0,39,0.0,0.9,0,0.0,0.0,0,1,0,0,0,19,22.4,1.8,0.0,2.4
766,328,Jamaal Lascelles,Lascelles,Newcastle United,14,2,8,672,0,0.12232562713325024,0,0.0,3,0,0,0.12232562713325024,0.48175277560949326,0.48175277560949326,0.8,0.8,0,1.0,44,1.8,1.6,14,0.2,3.2,1,1,0,0,0,102,126.2,2.2,26.0,15.5
769,321,Jonjo Shelvey,Shelvey,Newcastle United,14,3,6,521,0,0.5397168211638927,0,0.5496177487075329,10,8,0,0.5397168211638927,1.4488461315631866,1.0479948446154594,0.8,0.8,3,0.8,53,2.0,0.1,12,0.2,2.3,2,2,0,0,0,66,62.8,91.9,72.0,22.7
770,229,Ayoze Pérez,Pérez,Leicester,9,3,4,280,0,0.3524164482951164,0,0.12497258186340332,5,2,0,0.3524164482951164,1.124941572546959,0.8305388242006302,0.5,1.0,0,0.0,61,2.0,0.8,8,0.0,1.3,1,1,0,0,0,23,33.0,36.8,103.0,17.4
771,243,Georginio Wijnaldum,Wijnaldum,Liverpool,11,3,9,721,0,1.2992370836436749,0,0.7328929267823696,9,4,0,1.2992370836436749,4.186301618814468,2.7701703682541847,2.8,2.8,0,1.8,53,2.1,1.2,19,0.3,3.6,2,0,0,0,0,97,81.2,77.4,82.0,24.1
772,385,Moussa Sissoko,Sissoko,Tottenham,17,3,7,572,0,0.0,0,0.10652586445212364,0,2,0,0.0,1.4847728246822953,1.4847728246822953,1.8,1.8,0,1.8,48,2.1,0.4,15,0.4,3.1,3,1,0,0,0,80,71.2,37.7,0.0,10.9
780,325,Karl Darlow,Darlow,Newcastle United,14,1,10,900,0,0.0,0,0.0,0,0,0,0.0,0.8956567700952291,0.8956567700952291,3.2,3.2,7,3.2,50,4.3,1.7,43,0.6,8.6,2,0,0,44,4,221,306.2,0.0,0.0,30.8
789,95,Robbie Brady,Brady,Burnley,4,3,5,183,0,0.17315927147865295,0,0.0,2,0,0,0.17315927147865295,0.10007673874497414,0.03719380870461464,0.2,-0.1,0,1.2,50,1.4,0.0,7,0.2,1.4,1,0,0,0,0,27,23.8,5.8,23.0,5.3
790,365,Nathan Redmond,Redmond,Southampton,16,3,5,307,0,0.37718589790165424,0,0.1440177597105503,6,2,0,0.37718589790165424,0.8548739887773991,0.3562905564904213,0.0,0.0,0,0.2,64,1.8,0.2,9,0.0,1.4,1,0,0,0,0,24,24.6,43.2,51.0,11.8
807,219,Jonny Evans,Evans,Leicester,9,2,6,529,0,0.10632744431495667,0,0.0,1,0,0,0.10632744431495667,0.2683201730251312,0.2683201730251312,1.5,2.0,0,1.0,55,2.0,0.4,12,0.2,2.2,2,4,0,0,0,73,80.8,6.0,6.0,9.3
835,362,Ryan Bertrand,Bertrand,Southampton,16,2,8,708,0,0.06482653319835663,0,0.5071718655526638,1,7,0,0.06482653319835663,1.9283025562763214,1.7142897630110383,1.0,0.5,0,1.0,50,3.2,1.0,26,0.2,5.2,3,1,0,0,2,118,89.4,126.6,41.0,25.7
839,361,Shane Long,Long,Southampton,16,4,7,43,0,0.043368175625801086,0,0.0,1,0,0,0.043368175625801086,0.039601054042577744,0.039601054042577744,0.8,0.3,0,0.8,52,1.0,0.6,7,0.2,1.3,0,0,0,0,0,14,2.2,0.9,6.0,0.8
844,86,Jay Rodriguez,Rodriguez,Burnley,4,4,6,243,0,0.24398176558315754,1,0.7278927750885487,5,3,0,0.24398176558315754,0.9454080481082201,0.0,1.0,0.0,0,1.5,58,1.5,0.3,9,0.3,1.6,1,2,0,0,0,31,21.6,35.8,59.0,11.7
857,82,Phil Bardsley,Bardsley,Burnley,4,2,3,270,0,0.06341451406478882,0,0.0,3,0,0,0.06341451406478882,0.1266939826309681,0.10160527005791664,-0.5,-1.5,0,0.0,45,0.3,0.2,1,0.0,0.2,0,2,0,0,0,24,31.4,12.9,6.0,5.1
875,577,Ciaran Clark,Clyne,Newcastle United,6,2,2,431,0,0.0,0,0.0,0,0,0,0.0,0.138832688331604,0.138832688331604,2.0,1.5,1,1.5,45,2.4,0.3,12,0.3,2.7,1,0,0,0,0,71,45.8,21.4,27.0,9.5
876,324,Fabian Delph,Clark,Everton,14,2,3,180,0,0.014957983046770096,0,0.028502553701400757,1,1,0,0.014957983046770096,0.4203451871871948,0.37688466906547546,1.8,1.8,6,1.8,45,3.5,0.0,7,0.4,1.6,1,0,0,0,0,34,12.2,0.9,0.0,1.3
884,42,Matt Targett,Targett,Aston Villa,2,2,8,720,0,0.1761269047856331,1,0.206826314330101,3,5,0,0.1761269047856331,1.6282644793391228,1.4957148432731628,2.8,2.8,0,2.8,45,3.6,2.8,29,0.6,6.4,4,3,0,0,2,139,92.2,95.1,44.0,23.3
885,375,Kyle Walker-Peters,Walker-Peters,Southampton,16,2,9,810,0,0.21237952262163162,1,0.47635651752352715,4,3,0,0.21237952262163162,2.573071174323559,2.131981886923313,3.2,2.7,0,3.2,46,3.8,12.1,34,0.7,7.4,4,3,0,0,4,179,172.8,56.9,54.0,28.5
887,83,Erik Pieters,Pieters,Burnley,4,2,3,146,0,0.06186991557478905,0,0.0,1,0,0,0.06186991557478905,0.0869586244225502,0.0869586244225502,-0.3,-1.3,0,0.2,43,1.7,0.3,5,0.0,1.2,1,0,0,0,0,20,7.6,2.0,17.0,2.6
888,160,Xherdan Shaqiri,Kenny,Liverpool,7,2,2,75,0,0.0,0,0.38926634192466736,0,1,0,0.0,0.4364539086818695,0.04718758910894394,1.0,0.5,0,0.5,43,2.0,0.1,2,0.1,0.5,0,0,0,0,0,11,9.0,6.6,8.0,2.4
900,465,Adama Traoré,Traoré,Wolverhampton Wanderers,20,3,9,430,0,0.25859393179416656,0,0.3878523111343384,5,6,0,0.25859393179416656,0.9621719419956207,0.3525300472974777,-0.2,0.3,0,0.8,62,1.4,6.7,13,0.1,2.1,1,1,0,0,0,54,74.8,86.2,59.0,22.0
910,373,Harrison Reed,Reed,Fulham,8,3,6,395,0,0.05481619015336037,1,0.6468477714806795,3,5,0,0.05481619015336037,1.6475766971707344,1.4981675278395414,-0.5,0.0,0,1.0,45,2.0,0.6,12,0.2,2.7,0,1,0,0,0,77,78.8,79.3,11.0,16.9
934,92,Axel Tuanzebe,Lowton,Manchester United,4,2,1,360,0,0.0,0,0.0,0,0,0,0.0,0.07169459760189056,0.07169459760189056,2.5,1.5,0,3.0,44,3.5,0.1,14,0.7,3.2,2,1,0,0,0,70,49.4,23.0,1.0,7.4
971,397,Harry Winks,Winks,Tottenham,17,3,4,256,0,0.0,0,0.0205964595079422,0,1,0,0.0,1.5003297626972198,1.479733258485794,0.0,0.0,0,0.0,52,1.2,0.1,5,0.0,1.0,0,1,0,0,0,36,35.0,20.4,0.0,5.5
978,417,Sam Johnstone,Johnstone,West Bromwich Albion,18,1,9,810,0,0.0,0,0.0,0,0,0,0.0,0.04052318260073662,0.04052318260073662,1.5,1.5,0,2.0,45,3.3,1.2,30,0.4,6.7,1,0,0,38,4,172,268.2,0.0,0.0,26.8
985,590,Mason Holgate,N'Lundulu,Everton,16,4,1,1,0,0.0,0,0.0,0,0,0,0.0,0.18416407704353333,0.18416407704353333,0.0,-0.5,0,0.0,45,1.0,0.1,1,0.0,0.2,0,0,0,0,0,3,0.0,0.0,0.0,0.0
987,260,Joseph Gomez,Gomez,Liverpool,11,2,7,589,0,0.0,0,0.06542927026748657,0,1,0,0.0,2.0854201316833496,2.019990861415863,0.0,0.0,0,1.0,53,1.4,1.7,10,0.2,1.9,0,0,0,0,0,94,106.8,18.1,0.0,12.5
1006,300,Luke Shaw,Shaw,Manchester United,13,2,7,606,0,0.04656786099076271,1,0.4433191157877445,1,6,0,0.04656786099076271,1.2239158265292645,0.9137230850756168,0.0,0.0,0,2.2,48,2.0,0.7,14,0.5,2.9,1,2,0,0,2,110,113.4,113.8,29.0,25.8
1013,423,Sam Field,Field,West Bromwich Albion,18,3,3,61,0,0.0,0,0.0,0,0,0,0.0,0.0,0.0,-0.1,-0.1,0,0.0,48,1.0,0.0,3,0.0,0.6,0,0,0,0,0,16,20.0,0.5,0.0,2.0
1014,206,Tyler Roberts,Roberts,Leeds,10,3,6,215,0,0.06987313367426395,0,0.5860185846686363,2,2,0,0.06987313367426395,1.1048930920660496,0.5272998418658972,0.0,0.5,0,0.5,48,1.0,0.1,6,0.1,1.2,0,0,0,0,0,21,14.6,33.3,23.0,7.1
1017,93,Matej Vydra,Vydra,Burnley,4,4,5,130,0,0.3144465610384941,0,0.3053257428109646,4,2,0,0.3144465610384941,0.6816422194242477,0.06186991557478905,-0.3,-1.3,0,0.2,49,1.2,0.6,6,0.0,1.2,0,0,0,0,0,18,9.6,27.4,67.0,10.4
1042,163,Tom Davies,Davies,Everton,7,3,4,108,0,0.0,0,0.0,0,0,0,0.0,0.10444408655166626,0.10444408655166626,0.7,0.2,0,0.2,53,1.2,0.1,5,0.0,0.9,0,0,0,0,0,29,30.6,7.3,0.0,3.8
1053,50,Keinan Davis,Davis,Aston Villa,2,4,1,28,0,0.0,0,0.025605756789445877,0,1,0,0.0,0.14269530773162842,0.14269530773162842,0.0,0.0,0,0.0,43,1.0,7.6,1,0.0,0.2,0,0,0,0,0,3,4.4,12.9,6.0,2.3
1084,544,Jonjoe Kenny,Gallagher,Everton,18,3,1,450,0,0.0,0,0.0,0,0,0,0.0,0.24064451456069946,0.24064451456069946,0.5,0.5,0,1.0,55,1.8,0.0,9,0.2,1.6,1,2,0,0,0,43,83.8,91.4,34.0,20.8
1208,440,Felipe Anderson,Felipe Anderson,West Ham,19,3,2,2,0,0.0,0,0.0,0,0,0,0.0,0.05036865919828415,0.05036865919828415,0.0,0.0,0,0.0,61,1.0,0.1,2,0.0,0.3,0,0,0,0,0,8,2.4,0.4,2.0,0.5
1245,88,Emerson,Mee,Chelsea,4,2,1,180,0,0.0,0,0.0,0,0,0,0.0,0.0,0.0,3.0,2.0,0,3.5,49,7.0,0.2,14,0.7,2.9,2,0,0,0,2,52,47.8,0.1,4.0,5.2
1257,252,Alisson,Alisson,Liverpool,11,1,7,630,0,0.0,0,0.0,0,0,0,0.0,0.7454957664012909,0.7454957664012909,4.0,4.0,0,3.0,59,4.4,7.4,31,0.5,5.3,2,0,0,13,3,132,153.2,0.0,0.0,15.3
1299,493,Mario Lemina,Lemina,Fulham,8,3,5,220,0,0.023645693436264992,0,0.08133235946297646,1,2,0,0.023645693436264992,0.699057187885046,0.5940791480243206,-0.7,-0.2,0,0.8,45,1.4,0.4,7,0.2,1.6,0,0,0,0,0,33,41.2,29.8,12.0,8.4
1304,169,Moise Kean,Kean,Everton,7,4,2,13,0,0.02234572172164917,0,0.0,1,0,0,0.02234572172164917,0.02234572172164917,0.0,0.0,0.0,0,0.0,58,1.0,0.2,2,0.0,0.3,0,0,0,0,0,1,0.0,1.3,11.0,0.9
1379,502,Allan,Allan,Everton,7,3,8,720,0,0.027992095798254013,0,0.06602059863507748,2,3,0,0.027992095798254013,3.268603950738907,3.2036043256521225,1.5,1.0,0,1.0,53,1.8,1.0,14,0.2,2.6,1,3,0,0,0,94,129.4,51.9,8.0,19.0
1545,589,Emil Krafth,Phillips,Newcastle United,11,2,2,90,0,0.0,0,0.084439467638731,0,2,0,0.0,1.0327484011650085,0.9483089633285999,1.5,1.5,0,0.5,40,2.0,0.7,2,0.1,0.5,0,0,0,0,0,14,22.2,11.7,0.0,3.4
1621,104,Marcos Alonso,Alonso,Chelsea,5,2,3,225,0,0.07554475963115692,0,0.019400222692638636,2,2,0,0.07554475963115692,0.2955821752548218,0.2655065394937992,0.5,0.0,0,0.0,57,0.7,1.6,2,0.0,0.4,0,1,0,0,0,36,37.0,28.1,20.0,8.5
1652,45,Matthew Lowton,El Ghazi,Burnley,2,3,4,18,0,0.014498330652713776,0,0.3239760398864746,1,1,0,0.014498330652713776,0.5254267454147339,0.1869523525238037,0.5,0.5,0,0.5,57,1.0,0.1,2,0.1,0.4,0,0,0,0,0,7,6.8,16.3,0.0,2.4
1654,168,Ben Mee,Gordon,Burnley,7,3,2,32,0,0.07444126158952713,0,0.0,1,0,0,0.07444126158952713,0.0,0.0,0.5,0.0,0,0.0,43,1.0,0.9,1,0.0,0.2,0,0,0,0,0,4,4.2,1.2,2.0,0.7
1663,109,Johann Berg Gudmundsson,Rüdiger,Burnley,5,2,4,90,0,0.3754231706261635,0,0.15624980628490448,4,2,0,0.3754231706261635,0.49078717827796936,0.09999416768550873,2.0,1.5,0,1.5,45,6.0,0.7,6,0.3,1.3,1,0,0,0,0,25,25.4,1.3,0.0,2.7
1665,484,James Tarkowski,Robinson,Burnley,8,2,6,540,0,0.8061136342585087,0,0.19022173434495926,6,3,0,0.8061136342585087,0.5488584861159325,0.5488584861159325,0.7,1.2,0,2.2,44,2.3,0.1,14,0.5,3.2,1,1,0,0,1,97,128.8,156.9,33.0,32.0
1676,3,David Luiz,David Luiz,Arsenal,1,2,5,319,0,0.08108850568532944,0,0.0,2,0,0,0.08108850568532944,0.7419462278485298,0.7419462278485298,0.0,0.4,0,0.0,55,1.4,0.9,7,0.0,1.3,0,0,0,0,0,51,66.6,9.8,21.0,9.7
1678,108,Michy Batshuayi,Batshuayi,Crystal Palace,6,4,7,377,0,0.6710911989212036,2,0.9164836332201958,7,4,0,0.6710911989212036,1.7456672191619873,0.9055454693734646,1.7,1.2,1,1.2,58,2.4,0.8,17,0.2,2.9,1,0,0,0,0,35,42.2,36.2,133.0,21.0
1682,565,Islam Slimani,Diallo,Leicester,16,3,1,19,0,0.10036919265985489,0,0.07683446258306503,1,1,0,0.10036919265985489,0.17720365524291992,0.0,0.2,-0.3,0,0.2,45,0.8,0.0,3,0.0,0.7,0,1,0,0,0,3,4.4,11.8,4.0,2.1
1683,507,Ryan Fraser,Fraser,Newcastle United,14,3,5,185,0,0.02544359490275383,2,0.0,1,0,0,0.02544359490275383,0.07934101298451424,0.053897418081760406,0.0,0.0,0,1.0,57,2.6,0.2,13,0.2,2.3,1,0,0,0,0,34,10.2,8.8,11.0,3.0
1685,579,Ahmed Elmohamady,Slimani,Aston Villa,9,4,2,19,0,0.0,0,0.045103128999471664,0,1,0,0.0,0.05820625368505716,0.05820625368505716,0.5,1.0,0,0.0,50,1.0,0.1,1,0.0,0.2,0,0,0,0,0,3,0.2,11.7,6.0,1.8
1689,409,Jake Livermore,Livermore,West Bromwich Albion,18,3,8,656,0,0.19785238429903984,0,0.13877588510513306,4,3,0,0.19785238429903984,0.495067173615098,0.30472114868462086,0.2,0.2,0,0.8,48,1.5,0.1,12,0.2,2.5,1,2,0,0,0,52,65.0,42.6,25.0,13.2
1691,148,Robert Snodgrass,Walcott,West Ham,16,3,1,369,1,0.0,3,0.0,0,0,0,0.0,0.0,0.0,4.5,4.0,0,4.5,58,4.8,0.7,24,0.8,4.1,1,0,0,0,0,65,88.0,75.2,113.0,27.7
1699,541,Shkodran Mustafi,Ünder,Arsenal,9,3,2,97,0,0.0,2,0.0,0,0,0,0.0,0.06472476571798325,0.06472476571798325,1.7,2.2,0,1.2,59,2.5,0.1,10,0.2,1.7,0,0,0,0,0,40,47.4,41.5,18.0,10.7
1719,332,Javier Manquillo,Manquillo,Newcastle United,14,2,6,459,0,0.023161858320236206,0,0.15313030779361725,1,3,0,0.023161858320236206,0.46702641621232033,0.2907342556864023,1.8,1.8,6,1.8,44,2.7,0.3,16,0.4,3.6,2,1,0,0,0,76,41.4,40.7,14.0,9.6
1735,367,Jack Stephens,Stephens,Southampton,16,2,4,315,0,0.08946642279624939,0,0.16044355928897858,1,2,0,0.08946642279624939,0.5595445409417152,0.4745302274823189,1.8,1.3,0,1.8,48,2.0,0.2,8,0.4,1.7,1,1,0,0,1,62,53.4,26.8,21.0,10.2
1736,357,Oliver McBurnie,McBurnie,Sheffield United,15,4,9,549,0,1.4369265884160995,1,0.3007449861615896,13,6,0,1.4369265884160995,2.4878343045711517,0.857736311852932,0.7,1.7,0,1.2,57,1.8,0.3,16,0.2,2.8,0,1,0,0,0,35,59.2,85.6,177.0,32.1
1737,411,Matt Phillips,Phillips,West Bromwich Albion,18,3,6,69,0,0.018212540075182915,0,0.14541804790496826,1,2,0,0.018212540075182915,0.14541804790496826,0.0,0.0,0.0,0,0.5,51,0.8,0.0,5,0.1,1.0,0,1,0,0,0,14,15.0,25.7,14.0,5.5
1738,408,Hal Robson-Kanu,Robson-Kanu,West Bromwich Albion,18,4,4,112,0,0.08127648755908012,0,0.028762802481651306,3,1,0,0.08127648755908012,0.13699042424559593,0.05571393296122551,-0.3,-0.3,0,0.2,52,1.0,0.1,4,0.0,0.8,0,0,0,0,0,7,7.2,10.8,16.0,3.4
1739,310,Eric Bailly,Bailly,Manchester United,13,2,2,98,0,0.0,0,0.0,0,0,0,0.0,0.0,0.0,0.2,0.2,0,0.0,49,-0.5,0.2,-1,0.0,-0.2,0,1,0,0,0,11,25.0,0.1,0.0,2.5
1740,296,Paul Pogba,Pogba,Manchester United,13,3,7,371,0,0.15806081146001816,0,0.04921772889792919,4,2,0,0.15806081146001816,0.9420327618718147,0.7556988224387169,0.3,0.3,0,0.8,77,1.6,1.1,11,0.1,1.4,0,0,0,0,0,33,35.0,48.7,46.0,12.6
1747,85,Kevin Long,Long,Burnley,4,2,6,540,0,0.09299547970294952,0,0.017368044704198837,1,1,0,0.09299547970294952,0.42641355469822884,0.42641355469822884,-0.5,-1.5,0,0.0,45,1.8,0.2,11,0.0,2.4,1,2,0,0,1,76,94.2,11.5,16.0,12.2
1749,16,Rob Holding,Holding,Arsenal,1,2,6,540,0,0.10873187333345413,0,0.0,1,0,0,0.10873187333345413,0.9438181966543198,0.9438181966543198,3.0,3.5,0,3.0,44,3.5,1.4,21,0.7,4.8,3,1,0,0,0,121,116.6,3.7,4.0,12.4
1750,15,Ainsley Maitland-Niles,Maitland-Niles,Arsenal,1,2,5,188,0,0.04620342329144478,0,0.0,1,0,0,0.04620342329144478,0.6275815963745117,0.581378161907196,0.5,1.0,0,0.5,47,2.0,1.0,10,0.1,2.1,1,0,0,0,0,38,20.4,4.3,7.0,3.2
1760,442,Arthur Masuaku,Masuaku,West Ham,19,2,8,715,0,0.4290256863459945,1,2.3334933668375015,6,7,0,0.4290256863459945,3.9303814694285393,1.64065171033144,3.0,3.5,0,3.5,45,4.4,2.2,35,0.8,7.8,4,1,0,0,4,161,128.2,139.4,58.0,32.6
1785,518,Nampalys Mendy,Mendy,Leicester,9,3,9,795,0,0.012554878368973732,1,0.10518049448728561,1,2,0,0.012554878368973732,1.1937514301389456,1.0760160572826862,2.0,2.5,0,1.5,45,2.4,3.2,22,0.3,4.9,4,3,0,0,0,117,95.2,57.0,8.0,16.0
1791,259,Trent Alexander-Arnold,Alexander-Arnold,Liverpool,11,2,8,690,0,0.5755966007709503,1,1.6221434324979782,13,13,0,0.5755966007709503,4.874962747097015,4.299366995692253,0.0,0.0,0,1.0,73,2.6,15.1,21,0.1,2.9,1,1,0,0,4,144,133.2,225.3,93.0,45.1
1822,87,Antonio Rüdiger,Barnes,Chelsea,4,4,1,381,0,0.0,0,0.0,0,0,0,0.0,0.5739197731018066,0.5739197731018066,0.5,-0.5,0,1.0,60,1.8,0.1,9,0.2,1.5,2,1,0,0,0,5,20.2,78.0,117.0,21.4
1823,155,Lucas Digne,Digne,Everton,7,2,8,701,0,0.1391140315681696,5,2.2431343607604504,3,15,0,0.1391140315681696,3.426415231078863,1.6723014004528522,0.0,0.0,0,2.2,62,4.2,11.0,34,0.4,5.5,1,0,1,0,8,180,205.4,232.3,42.0,48.1
1828,487,Alex Telles,Matty Longstaff,Manchester United,14,3,1,29,0,0.04388673976063728,0,0.0,2,0,0,0.04388673976063728,0.15974228084087372,0.15974228084087372,0.2,0.2,0,0.2,49,1.0,0.0,1,0.0,0.2,0,0,0,0,0,3,1.8,1.0,0.0,0.3
2164,193,Pablo Hernández,Hernández,Leeds,10,3,4,153,0,0.7301330305635929,0,0.09289492666721344,5,1,0,0.7301330305635929,1.448520615696907,0.6582984179258347,0.0,0.0,0,0.5,57,1.5,0.3,6,0.1,1.1,0,0,0,0,0,16,12.4,26.6,39.0,7.9
2190,128,Vicente Guaita,Guaita,Crystal Palace,6,1,10,900,0,0.0,0,0.0,0,0,0,0.0,0.9186876900494099,0.9186876900494099,2.7,2.2,2,2.2,50,2.6,3.9,26,0.4,5.2,1,2,0,30,3,153,183.0,0.0,0.0,18.3
2254,107,Mateo Kovacic,Kovacic,Chelsea,5,3,5,290,0,0.13207284128293395,1,0.43934302031993866,4,4,0,0.13207284128293395,2.683800254948437,2.513816406019032,2.5,2.0,0,2.0,53,2.4,0.3,12,0.4,2.3,1,0,0,0,0,64,49.2,73.0,26.0,14.8
2310,516,Alphonse Areola,Areola,Fulham,8,1,8,720,0,0.0,0,0.0,0,0,0,0.0,0.9345784485340118,0.9345784485340118,1.5,2.0,0,3.0,45,2.9,1.3,23,0.7,5.1,1,0,0,33,0,147,246.0,0.0,0.0,24.4
2328,234,Thomas Partey,Choudhury,Arsenal,9,3,4,13,0,0.6009496711194515,0,0.02732781320810318,3,1,0,0.6009496711194515,1.1377861015498638,0.5095086097717285,0.5,1.0,0,0.0,48,1.0,0.1,2,0.0,0.4,0,0,0,0,0,8,3.2,1.6,0.0,0.5
2379,290,João Cancelo,Mata,Manchester City,13,3,5,290,0,0.07356692291796207,2,1.2428632080554962,3,15,0,0.07356692291796207,3.625900387763977,2.601310655474663,2.5,2.5,0,2.0,59,3.5,0.2,14,0.3,2.4,1,0,0,0,0,57,43.2,106.3,48.0,19.7
2383,158,André Gomes,André Gomes,Everton,7,3,5,362,0,0.07467453181743622,0,0.09708605892956257,1,3,0,0.07467453181743622,1.0192211475223303,0.8474605418741703,0.7,0.2,0,0.2,54,1.8,0.3,9,0.0,1.7,1,1,0,0,0,33,26.6,47.3,22.0,9.1
2385,70,Mat Ryan,Ryan,Brighton,3,1,8,720,0,0.0,0,0.0,0,0,0,0.0,1.0775962620973587,1.0775962620973587,2.2,1.2,0,2.2,45,2.5,13.2,20,0.5,4.4,2,1,0,11,0,119,82.2,0.3,0.0,8.2
2446,501,Dani Ceballos,Ceballos,Arsenal,1,3,8,527,0,0.20881327614188194,1,1.235979862511158,4,9,0,0.20881327614188194,2.4689458906650543,2.1995724886655807,1.0,1.5,0,1.0,49,2.5,1.2,20,0.2,4.1,2,1,0,0,3,115,134.0,143.6,27.0,30.6
2496,286,Rodri,Rodrigo,Manchester City,12,3,8,720,0,0.35837036464363337,0,0.3187590930610895,8,9,0,0.35837036464363337,4.303301364183426,3.9834751784801483,3.3,3.3,0,1.8,54,2.0,0.5,16,0.3,3.0,2,2,0,0,0,112,112.8,135.7,59.0,30.7
2498,20,Aymeric Laporte,Willock,Manchester City,1,3,4,56,0,0.14257132448256016,0,0.31107423454523087,2,3,0,0.14257132448256016,1.8925144225358963,1.8925144225358963,0.2,0.7,0,0.2,48,1.0,0.1,1,0.0,0.2,0,0,0,0,0,1,2.8,2.2,2.0,0.7
2662,280,Christian Pulisic,Laporte,Chelsea,12,2,3,360,0,0.22930411249399185,0,0.06347443163394928,5,1,0,0.22930411249399185,0.866521880030632,0.6560221239924431,4.0,4.0,0,2.5,60,3.0,3.0,12,0.4,2.0,1,1,0,0,2,62,58.6,26.5,12.0,9.7
2958,582,Oleksandr Zinchenko,Grant,Manchester City,18,4,1,389,1,0.0,0,0.0,0,0,0,0.0,0.12230925261974335,0.12230925261974335,1.0,1.0,0,1.5,59,3.4,0.1,17,0.3,2.9,2,0,0,0,3,43,48.8,29.5,91.0,16.8
3203,451,Issa Diop,Diop,West Ham,19,2,3,207,0,0.0,0,0.0,0,0,0,0.0,0.0291129257529974,0.0291129257529974,-0.5,0.0,0,0.0,44,0.7,0.6,2,0.0,0.5,0,1,0,0,0,25,45.2,1.6,0.0,4.7
3304,173,Maxime Le Marchand,Le Marchand,Fulham,8,2,2,122,0,0.009506329894065857,0,0.0,1,0,0,0.009506329894065857,0.24691654741764069,0.24691654741764069,-1.5,-1.0,0,0.0,42,0.5,0.1,1,0.0,0.2,0,2,0,0,0,12,12.6,1.6,1.0,1.6
3389,274,Benjamin Mendy,Mendy,Manchester City,12,2,3,250,0,0.02890380285680294,0,0.06408517062664032,1,1,0,0.02890380285680294,0.47433845698833466,0.44543465971946716,1.5,1.5,0,0.0,59,0.7,1.0,2,0.0,0.3,0,2,0,0,0,23,16.6,26.2,10.0,5.1
3420,253,Fabinho,Fabinho,Liverpool,11,3,7,572,0,0.04579477943480015,1,0.09710091166198254,2,2,0,0.04579477943480015,3.2361792773008347,3.1363392025232315,1.8,1.8,0,0.8,54,2.4,0.9,17,0.1,3.1,2,1,0,0,0,101,111.4,34.1,9.0,15.6
3422,454,João Moutinho,Moutinho,Wolverhampton Wanderers,20,3,8,446,0,0.12011132016777992,0,0.47431066632270813,3,10,0,0.12011132016777992,1.1954495161771774,1.0329236537218094,-0.2,0.3,0,0.8,52,1.8,1.2,14,0.2,2.7,2,1,0,0,0,72,77.6,140.2,19.0,23.9
3585,567,Said Benrahma,Partey,West Ham,1,3,2,232,0,0.17427030205726624,0,0.37571224570274353,2,1,0,0.17427030205726624,0.5784316062927246,0.028449056670069695,0.0,0.0,0,1.0,50,1.5,0.7,6,0.2,1.2,1,1,0,0,0,42,42.8,20.2,27.0,9.0
3635,277,Bernardo Silva,Cancelo,Manchester City,12,2,6,450,0,0.25306417793035507,1,0.0605582520365715,3,1,0,0.25306417793035507,2.2154582273215055,1.9018358644098043,4.5,4.5,0,3.0,55,5.0,4.5,25,0.5,4.5,2,1,0,0,6,111,126.2,200.5,33.0,36.0
3683,187,Ivan Cavaleiro,Cavaleiro,Fulham,8,3,8,522,0,0.9687405414879322,0,0.31428266409784555,9,9,0,0.20757169649004936,1.0101242065429688,0.6453480813652277,-1.0,-0.5,0,0.5,53,1.4,0.1,11,0.1,2.1,0,1,0,0,0,44,49.4,138.2,93.0,28.0
3979,556,Ahmed Hegazy,Dias,West Bromwich Albion,12,2,1,540,0,0.0,0,0.0,0,0,0,0.0,0.18402814865112305,0.18402814865112305,3.5,3.5,0,2.0,55,2.8,2.4,17,0.4,3.1,2,2,0,0,0,101,106.2,8.5,44.0,15.9
4391,422,Darnell Furlong,Furlong,West Bromwich Albion,18,2,8,698,0,0.24112908728420734,1,1.0473427530378103,6,5,0,0.24112908728420734,1.0410790331661701,0.4000716209411621,0.7,0.7,0,1.2,45,2.4,0.2,19,0.3,4.2,1,1,0,0,1,102,126.2,96.2,97.0,32.1
4401,12,Emiliano Martinez,Martínez,Aston Villa,2,1,8,720,0,0.0,0,0.0,0,0,0,0.0,1.4456811882555485,1.4456811882555485,1.8,1.8,0,1.8,48,5.1,27.4,41,0.4,8.5,4,0,0,23,4,180,205.0,0.0,0.0,20.4
4422,80,Ashley Barnes,Mac Allister,Burnley,3,3,5,43,1,0.6369421929121017,0,0.21630618162453175,8,6,0,0.6369421929121017,0.9374033845961094,0.307758217677474,0.0,0.0,0,0.2,53,3.7,0.0,11,0.0,2.1,0,0,0,0,3,29,43.4,2.7,7.0,5.3
4490,419,Semi Ajayi,Ajayi,West Bromwich Albion,18,2,8,720,0,0.0,0,0.0,0,0,0,0.0,0.3610370308160782,0.3610370308160782,0.7,0.7,0,1.2,48,1.1,0.2,9,0.3,1.9,0,1,0,0,0,89,125.0,4.2,4.0,13.3
4866,190,Aboubakar Kamara,Kamara,Fulham,8,3,5,214,0,0.6367536522448063,0,0.14285747706890106,3,3,0,0.6367536522448063,0.8501993920654058,0.13358880393207073,-1.5,-1.0,0,0.0,48,0.4,0.0,2,0.0,0.4,0,1,1,0,0,-4,10.8,43.3,32.0,8.0
5061,112,Kepa,Arrizabalaga,Chelsea,5,1,3,270,0,0.0,0,0.0,0,0,0,0.0,0.13215267658233643,0.13215267658233643,0.5,0.0,0,0.0,48,2.0,0.7,6,0.0,1.2,0,0,0,8,0,40,50.8,0.0,0.0,5.0
5245,557,Bernardo,Lookman,Brighton,8,3,1,472,1,0.0,1,0.0,0,0,0,0.0,0.0,0.0,0.3,0.8,0,1.8,50,3.3,0.4,20,0.4,4.0,1,1,0,0,3,74,130.4,150.2,173.0,45.4
5247,261,Naby Keita,Keita,Liverpool,11,3,5,295,0,0.34609169140458107,0,0.13873417302966118,7,2,0,0.34609169140458107,2.429440140724182,1.963418573141098,0.6,0.6,0,0.2,52,1.6,0.2,8,0.0,1.5,1,0,0,0,0,40,25.8,38.3,111.0,17.6
5256,424,Oliver Burke,Burke,Sheffield United,15,3,4,254,0,0.25287725031375885,0,0.14032945036888123,4,3,0,0.25287725031375885,0.4333517700433731,0.04014504700899124,-0.5,0.5,0,0.0,44,1.8,0.8,7,0.0,1.6,1,0,0,0,0,9,5.8,36.6,71.0,10.8
5264,238,Caglar Söyüncü,Söyüncü,Leicester,9,2,4,360,0,0.10172365233302116,0,0.11173887550830841,2,2,0,0.10172365233302116,0.4877230152487755,0.4877230152487755,0.0,0.0,0,0.0,53,2.0,3.2,8,0.0,1.5,1,1,0,0,0,64,83.4,24.6,44.0,15.2
5274,178,Michael Hector,Hector,Fulham,8,2,3,237,0,0.08639734238386154,0,0.019498158246278763,1,1,0,0.08639734238386154,0.39164063334465027,0.372142493724823,-1.5,-1.0,0,0.0,43,0.0,0.2,0,0.0,0.0,0,1,0,0,0,33,38.8,11.3,18.0,6.7
5545,236,Wilfred Ndidi,Ndidi,Leicester,9,3,2,180,0,0.0,0,0.0,0,0,0,0.0,0.5722920000553131,0.5722920000553131,0.0,0.0,0,0.0,48,2.5,0.6,5,0.0,1.0,1,0,0,0,0,29,47.8,1.5,0.0,4.9
5549,138,Luka Milivojevic,Milivojevic,Crystal Palace,6,3,6,223,0,0.133952047675848,0,0.16030673310160637,2,3,0,0.133952047675848,0.7211640179157257,0.7211640179157257,0.3,0.0,0,-0.2,56,0.8,0.2,5,0.0,0.9,0,0,1,0,0,32,30.8,49.5,2.0,8.1
5552,96,Nick Pope,Pope,Burnley,4,1,8,720,0,0.0,0,0.0,0,0,0,0.0,0.2765665799379349,0.2765665799379349,1.2,1.0,0,5.5,54,4.9,10.0,39,1.0,7.2,3,0,0,27,8,156,203.4,0.0,0.0,20.3
5553,448,Declan Rice,Rice,West Ham,19,3,9,810,0,0.27393632754683495,0,0.4107305034995079,4,7,0,0.27393632754683495,2.576494688168168,2.181351775303483,1.3,1.8,0,1.8,48,2.3,2.6,21,0.4,4.4,4,1,0,0,0,135,133.8,103.6,61.0,30.0
5560,309,Scott McTominay,McTominay,Manchester United,13,3,7,493,0,0.1563635692000389,0,0.42977569811046124,5,8,0,0.1563635692000389,1.4428304433822632,1.1932663433253765,0.4,0.4,0,1.2,49,1.9,0.3,13,0.2,2.7,1,0,0,0,0,79,87.0,104.7,56.0,24.7
5562,426,Rekeem Harper,Harper,West Bromwich Albion,18,3,1,21,0,0.0,0,0.0,0,0,0,0.0,0.0,0.0,-0.5,-0.5,0,0.0,44,1.0,0.5,1,0.0,0.2,0,0,0,0,0,3,1.8,1.8,0.0,0.4
5569,283,Rhian Brewster,Zinchenko,Sheffield United,12,2,5,12,0,0.5717115998268127,0,0.36133888363838196,2,3,0,0.5717115998268127,1.03757019713521,0.10451967641711235,1.5,1.5,0,0.0,55,1.0,0.2,1,0.0,0.2,0,0,0,0,0,3,0.4,1.2,0.0,0.2
5590,334,Tosin Adarabioyo,Schär,Fulham,14,2,5,411,0,0.061386034823954105,0,0.0,3,0,0,0.061386034823954105,0.2745848838239908,0.2745848838239908,1.2,1.2,1,1.2,49,1.1,0.1,8,0.2,1.6,0,0,0,0,0,46,60.4,2.6,3.0,6.6
5595,311,Daniel James,James,Manchester United,13,3,3,177,0,0.2891728840768337,0,0.12383266352117062,6,3,0,0.2891728840768337,0.5454487949609756,0.1555918324738741,0.5,0.5,0,0.0,63,1.0,0.2,3,0.0,0.5,0,1,0,0,0,18,13.2,42.4,86.0,14.2
5603,483,Aaron Ramsdale,Ramsdale,Sheffield United,15,1,9,810,0,0.0,0,0.05357085168361664,0,1,0,0.0,0.6511931158602238,0.5976222716271877,1.5,2.5,0,2.0,48,2.4,2.8,22,0.4,4.6,0,0,0,36,0,146,232.6,10.0,2.0,24.5
5612,240,Anwar El Ghazi,Thomas,Aston Villa,9,2,2,135,0,0.0,0,0.02793859876692295,0,1,0,0.0,0.02793859876692295,0.0,1.0,1.5,0,0.5,43,1.0,0.2,2,0.1,0.5,0,1,0,0,0,11,23.2,1.7,11.0,3.5
5708,505,Fernando Marçal,Marçal,Wolverhampton Wanderers,20,2,5,134,0,0.06145016849040985,0,0.08180419355630875,1,1,0,0.06145016849040985,0.5995156392455101,0.4562612846493721,-0.8,-0.3,0,0.2,48,1.8,0.1,9,0.0,1.9,1,1,0,0,0,34,24.6,17.9,10.0,5.3
5973,517,Kenny Tete,Tete,Fulham,8,2,2,128,0,0.0,1,0.1905679553747177,0,4,0,0.0,0.2867404669523239,0.09617252461612225,0.0,0.0,0,0.0,43,1.0,0.1,2,0.0,0.5,0,1,0,0,0,29,53.0,67.5,4.0,12.4
6042,376,Jan Bednarek,Bednarek,Southampton,16,2,9,720,0,0.23909061402082443,0,0.03677000477910042,4,1,0,0.23909061402082443,1.750731535255909,1.7139615267515182,2.2,1.7,0,2.2,45,3.4,1.9,31,0.5,6.9,4,0,0,0,2,162,136.8,14.8,58.0,20.9
6044,97,Charlie Taylor,Taylor,Burnley,4,2,8,720,0,0.028903814032673836,1,0.21905574947595596,1,4,0,0.028903814032673836,1.5638946071267128,1.3414873480796814,3.5,2.5,0,4.0,44,3.6,3.0,29,0.9,6.6,3,1,0,0,3,146,136.8,82.5,11.0,23.0
6048,62,Lewis Dunk,Dunk,Brighton,3,2,6,540,0,0.6411619856953621,0,0.012112163938581944,4,1,0,0.6411619856953621,1.8843601681292057,1.8843601681292057,0.5,-0.5,0,0.5,48,1.2,2.7,7,0.1,1.5,1,1,1,0,1,79,80.2,17.3,38.0,13.6
6051,55,Dale Stephens,Stephens,Burnley,4,3,3,202,0,0.05343271978199482,0,0.0,2,0,0,0.05343271978199482,0.1550379917025566,0.10160527005791664,-0.1,-0.3,0,0.2,43,1.7,5.8,5,0.0,1.2,0,0,0,0,0,27,23.8,7.3,21.0,5.3
6054,278,Ederson,Ederson,Manchester City,12,1,8,720,0,0.0,0,0.0,0,0,0,0.0,1.4649626202881336,1.4649626202881336,4.0,4.0,0,2.5,60,3.1,5.7,25,0.4,4.2,2,0,0,15,1,122,131.2,0.0,0.0,13.2
6062,336,Isaac Hayden,Hayden,Newcastle United,14,3,7,505,0,0.033151800744235516,0,0.08145983051508665,2,3,0,0.033151800744235516,1.3422178514301777,1.2492747530341148,0.5,0.5,0,0.5,48,1.4,0.1,10,0.1,2.1,1,3,0,0,0,50,56.6,40.3,23.0,12.0
6080,308,Victor Lindelöf,Lindelöf,Manchester United,13,2,7,630,0,0.12856781482696533,0,0.1216251514852047,1,2,0,0.12856781482696533,1.1741159707307816,1.1377793550491333,2.5,2.5,0,2.8,49,3.0,1.2,21,0.6,4.3,2,0,0,0,1,126,118.2,29.4,8.0,15.6
6122,52,Douglas Luiz,Douglas Luiz,Aston Villa,2,3,8,689,0,0.20394326467067003,1,0.7141433525830507,8,7,0,0.20394326467067003,2.52564837038517,1.6903233379125595,2.5,2.5,0,2.5,49,2.6,0.3,21,0.5,4.3,4,2,0,0,0,91,109.2,103.1,58.0,27.2
6162,125,Cengiz Ünder,Cahill,Leicester,6,2,4,180,0,0.021599313244223595,0,1.4196698665618896,1,3,0,0.021599313244223595,2.1690770089626312,0.727807804942131,0.7,0.2,1,0.2,45,1.5,0.1,3,0.0,0.7,0,0,0,0,0,25,26.0,0.0,0.0,2.6
6163,546,Nélson Semedo,Semedo,Wolverhampton Wanderers,20,2,7,599,0,0.4627029160037637,0,0.12143211159855127,6,5,0,0.4627029160037637,1.7998729161918163,1.2836973033845425,2.0,2.5,0,3.0,56,3.9,3.6,27,0.5,4.8,3,0,0,0,2,131,116.0,112.3,44.0,27.4
6249,398,Davinson Sánchez,Sánchez,Tottenham,17,2,4,360,0,0.25366877019405365,0,0.0,3,0,0,0.25366877019405365,0.9184555411338806,0.9184555411338806,0.0,0.0,0,0.0,53,1.0,0.8,4,0.0,0.8,0,0,0,0,0,37,55.0,2.1,86.0,14.3
6273,491,Robin Koch,Koch,Leeds,10,2,9,810,0,0.4588022902607918,0,0.12580820359289646,7,4,0,0.4588022902607918,3.8784383349120617,3.739106170833111,1.0,1.5,0,1.5,45,2.8,0.8,25,0.3,5.6,3,0,0,0,2,156,162.8,48.6,89.0,30.1
6274,436,Andriy Yarmolenko,Yarmolenko,West Ham,19,3,5,97,0,0.10629013553261757,0,0.031181126832962036,4,1,0,0.10629013553261757,0.171804491430521,0.048303283751010895,-0.2,0.2,0,0.2,56,0.8,0.1,4,0.0,0.7,0,1,0,0,0,8,5.4,18.5,29.0,5.1
6314,333,Joachim Andersen,Krafth,Fulham,14,2,3,180,0,0.01906152069568634,1,0.0,1,0,0,0.01906152069568634,0.7264185026288033,0.7264185026288033,0.0,0.0,0,0.0,43,2.0,0.1,4,0.0,0.9,0,1,0,0,0,30,40.2,26.9,2.0,6.9
6350,29,Jayson Molumby,El Mohamady,Brighton,2,2,1,33,0,0.0,0,0.0,0,0,0,0.0,0.0,0.0,0.2,0.2,0,0.2,43,1.0,0.3,2,0.0,0.5,0,0,0,0,0,8,7.6,15.9,4.0,2.8
6369,509,Ethan Ampadu,Ampadu,Sheffield United,15,2,5,364,0,0.03511030972003937,0,0.10734748840332031,2,1,0,0.03511030972003937,0.5242909714579582,0.5242909714579582,0.4,1.1,0,1.0,44,1.6,0.5,8,0.2,1.8,0,0,0,0,0,55,90.6,21.8,4.0,11.7
6377,428,Joe Rodon,Snodgrass,Tottenham,19,3,2,1,0,0.0,0,0.0,0,0,0,0.0,0.0,0.0,-0.5,0.0,0,0.0,57,1.0,0.1,1,0.0,0.2,0,0,0,0,0,3,0.0,0.3,0.0,0.0
6418,114,Hamza Choudhury,Ziyech,Leicester,5,3,2,275,1,0.0,3,0.0,0,0,0,0.0,0.10036919265985489,0.10036919265985489,7.5,7.0,0,7.0,83,6.0,18.6,30,0.8,3.6,2,0,0,0,6,97,112.4,149.7,37.0,30.0
6424,452,Ben Johnson,Johnson,West Ham,19,2,1,41,0,0.0,0,0.0,0,0,0,0.0,0.0,0.0,-0.5,0.0,0,0.0,39,1.0,2.0,1,0.0,0.3,0,0,0,0,0,4,3.8,1.3,0.0,0.5
6434,191,Franck Zambo,Anguissa,Fulham,8,3,9,653,0,0.40911244601011276,1,0.5627083759754896,10,7,0,0.40911244601011276,2.671241220086813,1.8989978730678558,0.0,0.5,0,1.5,45,2.1,1.8,19,0.3,4.2,1,1,0,0,0,119,152.4,115.7,97.0,36.7
6441,287,Ferrán Torres,Torres,Manchester City,12,3,6,329,0,1.6152613600715995,1,0.16424323059618473,12,3,0,1.6152613600715995,2.6280695647001266,1.0102171413600445,3.0,3.0,0,1.5,69,2.2,1.6,13,0.2,1.9,1,1,0,0,0,20,36.2,55.1,205.0,29.5
6477,119,Cenk Tosun,Pulisic,Everton,5,3,2,173,0,0.0,0,0.07407927513122559,0,1,0,0.0,0.10806649923324585,0.033987220376729965,0.5,0.0,0,0.0,82,2.0,1.7,6,0.0,0.7,1,0,0,0,0,20,26.4,14.1,72.0,11.3
6492,570,Reiss Nelson,Raphinha,Arsenal,10,3,1,150,0,0.0,0,0.0,0,0,0,0.0,0.2911226451396942,0.2911226451396942,0.5,1.0,0,1.0,54,1.5,0.1,6,0.2,1.1,1,0,0,0,0,20,10.6,28.3,41.0,7.9
6504,381,Michael Obafemi,Obafemi,Southampton,16,4,1,13,0,0.0,0,0.0,0,0,0,0.0,0.06713031232357025,0.06713031232357025,0.0,-0.5,0,0.0,47,1.0,1.0,1,0.0,0.2,0,0,0,0,0,2,0.4,0.1,0.0,0.1
6630,214,Joe Willock,Davis,Arsenal,10,2,1,13,0,0.0,0,0.0,0,0,0,0.0,0.07426711171865463,0.07426711171865463,-0.5,0.0,0,0.0,40,1.0,1.2,1,0.0,0.2,0,0,0,0,0,1,0.0,0.3,0.0,0.0
6665,263,Curtis Jones,Jones,Liverpool,11,3,4,212,0,0.10600423999130726,0,0.1707234364002943,2,3,0,0.10600423999130726,1.4437266234308481,1.1669990047812462,2.2,2.2,0,1.2,44,1.8,0.6,7,0.3,1.6,1,0,0,0,0,25,26.2,50.6,30.0,10.7
6736,563,Ibrahima Diallo,Ait Nouri,Southampton,20,2,4,255,1,0.0,0,0.037903156131505966,0,1,0,0.0,0.05899473465979099,0.021091578528285027,3.8,4.3,0,4.8,50,6.3,0.4,19,1.0,3.8,1,0,0,0,3,62,64.2,51.4,41.0,15.7
6756,100,Dwight McNeil,McNeil,Burnley,4,3,8,720,0,0.17736999318003654,1,0.8171442039310932,5,10,0,0.17736999318003654,1.0457084830850363,0.5040018428117037,1.5,0.5,0,2.0,58,2.6,0.4,21,0.3,3.6,3,1,0,0,0,99,107.0,179.0,40.0,32.7
6817,299,Fred,Fred,Manchester United,13,3,7,462,0,0.11919439397752285,0,0.7071032710373402,5,4,0,0.11919439397752285,1.2997704520821571,0.9301411807537079,2.0,2.0,0,1.5,53,1.7,0.2,12,0.3,2.3,3,3,0,0,0,74,63.2,66.1,21.0,15.0
6834,182,Joe Bryan,Bryan,Fulham,8,2,5,337,0,0.08320574834942818,1,0.10450741648674011,3,2,0,0.08320574834942818,0.5407460480928421,0.42658551037311554,-1.3,-0.8,0,0.2,47,1.4,0.4,7,0.0,1.5,0,1,0,0,0,64,62.2,50.6,25.0,13.8
6840,180,Neeskens Kebano,Kebano,Fulham,8,3,4,115,0,0.2724298546090722,0,0.0,6,0,0,0.2724298546090722,0.24167165253311396,0.020527511835098267,-1.5,-1.0,0,0.0,48,1.2,0.1,5,0.0,1.0,0,0,0,0,0,11,1.4,14.6,47.0,5.9
6842,71,Alireza Jahanbakhsh,Jahanbakhsh,Brighton,3,3,4,35,0,0.15174398943781853,1,0.8232863545417786,2,3,0,0.15174398943781853,1.0982674360275269,0.6990741491317749,0.2,-0.8,0,0.2,54,1.5,0.0,6,0.0,1.1,0,1,0,0,0,32,32.6,42.8,28.0,10.3
6849,455,Rui Patrício,Patrício,Wolverhampton Wanderers,20,1,9,810,0,0.0,0,0.0,0,0,0,0.0,0.07694162428379059,0.07694162428379059,3.5,4.0,0,4.5,55,4.7,7.4,42,0.8,7.6,4,0,0,21,3,180,177.8,0.0,0.0,17.6
6850,458,Willy Boly,Boly,Wolverhampton Wanderers,20,2,9,810,0,0.16946293879300356,0,0.02522078901529312,4,1,0,0.16946293879300356,0.9358352087438107,0.9358352087438107,1.5,2.0,0,2.5,55,3.7,2.7,33,0.5,6.0,4,0,0,0,2,165,148.8,18.0,34.0,20.1
6851,459,Conor Coady,Coady,Wolverhampton Wanderers,20,2,8,720,0,0.0,0,0.051153868436813354,0,1,0,0.0,0.581416379660368,0.5302625112235546,1.0,1.5,0,2.0,50,3.8,7.3,30,0.4,6.0,4,1,0,0,2,149,130.2,12.1,0.0,14.3
6852,457,Matt Doherty,Doherty,Tottenham,17,2,6,525,0,0.31473442912101746,1,0.535977927967906,1,5,0,0.31473442912101746,2.892275375314057,2.435765919275582,3.5,3.5,0,3.5,58,4.0,6.8,24,0.6,4.1,2,1,0,0,3,97,113.0,81.1,49.0,24.4
6853,466,Rúben Neves,Neves,Wolverhampton Wanderers,20,3,9,623,0,0.6179483905434608,0,0.5769081711769104,16,10,0,0.6179483905434608,1.9127199798822403,1.0304451286792755,0.2,0.7,0,1.2,53,1.8,1.4,16,0.2,3.0,3,3,0,0,0,104,114.4,127.4,114.0,35.7
6856,471,Rúben Vinagre,Vinagre,Wolverhampton Wanderers,20,2,2,172,0,0.0,0,0.0,0,0,0,0.0,0.17874661833047867,0.17874661833047867,0.0,0.0,0,0.0,42,0.5,1.1,1,0.0,0.2,0,0,0,0,0,24,31.2,25.3,0.0,5.7
6880,566,Edouard Mendy,Godfrey,Chelsea,7,2,5,239,0,0.0,0,0.0,0,0,0,0.0,0.4495631828904152,0.4495631828904152,0.7,0.2,0,0.2,50,1.0,0.1,3,0.0,0.6,0,0,0,0,0,31,40.0,16.7,0.0,5.7
6891,438,Ryan Fredericks,Fredericks,West Ham,19,2,3,228,0,0.0,1,1.096431091427803,0,9,0,0.0,0.5434847921133041,0.1352338157594204,-0.5,0.0,0,0.0,43,1.3,0.2,4,0.0,0.9,0,2,0,0,0,43,60.4,109.8,6.0,17.7
6962,256,Robin Olsen,Origi,Everton,11,4,1,1,0,0.0,0,0.0,0,0,0,0.0,0.0,0.0,1.2,1.2,0,0.2,52,1.0,0.6,1,0.0,0.2,0,0,0,0,0,3,0.2,0.1,0.0,0.0
7077,525,Denis Odoi,Odoi,Fulham,8,2,3,270,0,0.04002567008137703,0,0.050192393362522125,2,1,0,0.04002567008137703,0.4257061406970024,0.3856804743409157,-1.5,-1.0,0,0.0,43,0.3,0.1,1,0.0,0.2,0,1,0,0,0,34,35.4,20.8,8.0,6.4
7078,480,Sean Longstaff,Sean Longstaff,Newcastle United,14,3,7,374,0,0.23056823387742043,0,0.10868450999259949,5,3,0,0.23056823387742043,0.38301848247647285,0.1964808776974678,1.8,1.8,2,1.8,48,1.4,0.1,10,0.4,2.1,1,2,0,0,0,43,19.4,55.2,42.0,11.5
7184,176,Tim Ream,Ream,Fulham,8,2,5,450,0,0.0,0,0.0,0,0,0,0.0,0.6187397316098213,0.6187397316098213,-1.5,-1.0,0,0.0,44,1.4,0.1,7,0.0,1.6,0,0,0,0,0,78,82.6,4.7,0.0,8.8
7187,573,Sergio Reguilón,Olsen,Tottenham,7,1,5,90,0,0.16582103446125984,0,1.1515337824821472,6,7,0,0.16582103446125984,2.368108242750168,1.567555844783783,0.7,0.2,0,0.2,45,1.0,0.1,1,0.0,0.2,0,0,0,2,0,11,18.8,0.0,0.0,1.9
7236,464,Leander Dendoncker,Dendoncker,Wolverhampton Wanderers,20,3,8,642,0,1.1252711787819862,1,0.31439048424363136,7,9,0,1.1252711787819862,1.7854869551956654,0.8290267214179039,0.5,1.0,0,1.5,48,2.6,1.0,21,0.3,4.4,4,1,0,0,0,77,87.2,129.6,81.0,29.7
7298,74,Ben White,White,Brighton,3,2,9,798,0,0.04942066967487335,0,0.06316699832677841,1,1,0,0.04942066967487335,2.8434686567634344,2.7940479721874,2.2,1.2,0,2.2,45,2.2,1.2,20,0.5,4.4,2,1,0,0,0,133,142.2,35.0,10.0,18.9
7332,558,Max Kilman,Coufal,Wolverhampton Wanderers,19,2,6,540,0,0.17802095413208008,2,0.15953178703784943,3,3,0,0.17802095413208008,0.6029027961194515,0.5118358321487904,3.3,3.8,0,3.8,46,5.2,2.3,31,0.8,6.7,3,2,0,0,5,123,118.4,124.1,47.0,29.0
7382,61,Dan Burn,Burn,Brighton,3,2,6,393,0,0.13285495806485415,0,0.07520990818738937,4,1,0,0.13285495806485415,0.6353759411722422,0.5456672888249159,1.8,0.8,0,1.8,43,2.0,0.4,12,0.4,2.8,1,1,0,0,0,59,42.8,26.6,29.0,9.9
7395,21,Carlos Vinicius,Nelson,Tottenham,1,3,1,45,0,0.12008222192525864,0,0.017759090289473534,2,1,0,0.12008222192525864,0.13784131407737732,0.0,0.2,0.7,0,0.2,52,1.0,0.0,1,0.0,0.2,0,0,0,0,0,1,1.0,4.2,0.0,0.5
7420,339,Miguel Almirón,Almirón,Newcastle United,14,3,9,482,0,0.29641021229326725,1,0.7283766102045774,4,8,0,0.29641021229326725,1.5385853294283152,0.7314178049564362,2.2,2.2,3,2.2,57,2.0,0.4,18,0.4,3.2,2,1,0,0,0,69,88.0,105.5,73.0,26.7
7490,315,Mason Greenwood,Greenwood,Manchester United,13,3,5,274,0,0.5923305451869965,0,0.19615313410758972,8,2,0,0.5923305451869965,0.7304366528987885,0.03646857291460037,0.7,0.7,0,0.2,71,1.4,2.2,7,0.0,1.0,0,1,0,0,0,19,16.2,35.3,71.0,12.1
7589,81,Wesley Fofana,Tarkowski,Leicester,4,2,5,540,0,0.05086936801671982,0,0.02638091892004013,1,1,0,0.05086936801671982,0.9937379434704781,0.9673570245504379,2.7,1.7,0,3.2,54,3.5,2.4,21,0.6,3.9,3,1,0,0,0,92,111.2,32.7,87.0,23.2
7689,564,Ben Godfrey,Carlos Vinicius,Everton,17,4,3,12,0,0.0,0,0.026667600497603416,0,1,0,0.0,0.870209475979209,0.870209475979209,0.2,0.2,0,0.2,70,1.0,0.0,1,0.0,0.1,0,0,0,0,0,2,2.0,10.3,21.0,3.3
7691,513,Jamal Lewis,Lewis,Newcastle United,14,2,10,831,0,0.021654270589351654,0,0.3966774418950081,1,9,0,0.021654270589351654,1.8753811046481133,1.519967868924141,2.5,2.5,6,2.5,43,2.0,2.1,20,0.6,4.7,2,3,0,0,1,128,111.2,121.3,6.0,23.8
7699,66,Adam Webster,Webster,Brighton,3,2,9,810,0,0.3857515435665846,0,0.069588802754879,7,2,0,0.3857515435665846,2.2953314054757357,2.212118649855256,2.2,1.2,0,2.2,44,2.2,1.8,20,0.5,4.5,2,1,0,0,0,123,115.6,38.3,101.0,25.5
7703,353,John Egan,Egan,Sheffield United,15,2,8,641,0,0.054193971678614616,0,0.06658007949590683,2,1,0,0.054193971678614616,1.3142460379749537,1.2476659640669823,0.3,1.3,0,0.8,48,0.6,2.9,5,0.2,1.0,0,2,1,0,0,71,114.4,14.7,14.0,14.4
7704,345,Chris Basham,Basham,Sheffield United,15,2,9,727,0,0.12097656354308128,0,0.5156350508332253,2,4,0,0.12097656354308128,1.5493796318769455,0.9127680566161871,0.5,1.5,0,1.0,48,1.7,0.9,15,0.2,3.1,0,0,0,0,2,117,151.0,60.1,52.0,26.3
7705,354,Jack O&#039;Connell,O'Connell,Sheffield United,15,2,2,180,0,0.0,0,0.0,0,0,0,0.0,0.0,0.0,0.0,0.0,0,0.0,48,1.5,0.2,3,0.0,0.6,0,0,0,0,0,19,40.2,2.5,0.0,4.3
7706,351,George Baldock,Baldock,Sheffield United,15,2,9,810,0,0.3805328235030174,1,1.304898638278246,7,7,0,0.3805328235030174,2.0821529403328896,1.4463874995708466,0.5,1.5,0,1.0,52,1.7,1.7,15,0.2,2.9,0,1,0,0,0,114,126.6,118.6,130.0,37.6
7707,347,Enda Stevens,Stevens,Sheffield United,15,2,8,720,0,0.20485377311706543,0,0.0793570876121521,6,1,0,0.20485377311706543,1.8990755584090948,1.761197766289115,0.0,0.8,0,0.5,52,1.2,1.5,10,0.1,1.9,0,1,0,0,0,107,140.4,31.7,55.0,22.8
7708,355,John Lundstram,Lundstram,Sheffield United,15,3,9,637,0,1.467904020100832,0,0.7341810762882233,9,11,0,0.7067351825535297,2.8052270971238613,1.4847405180335045,0.5,1.5,0,1.0,51,1.3,2.7,12,0.2,2.4,1,3,0,0,0,67,89.0,167.3,101.0,35.7
7709,346,John Fleck,Fleck,Sheffield United,15,3,4,269,0,0.06771370396018028,0,0.11480512283742428,2,4,0,0.06771370396018028,0.2641020715236664,0.18697364628314972,0.0,1.0,0,0.5,56,1.8,0.1,7,0.1,1.2,0,0,0,0,0,41,35.8,72.6,21.0,12.9
7710,349,Oliver Norwood,Norwood,Sheffield United,15,3,6,341,0,0.0,0,0.07952231355011463,0,4,0,0.0,1.4644913841038942,1.4200411885976791,0.7,1.7,0,1.2,47,1.7,0.2,10,0.3,2.1,0,0,0,0,0,51,54.2,61.3,0.0,11.6
7714,356,Ben Osborn,Osborn,Sheffield United,15,3,6,351,0,0.18892309069633484,0,0.6635999213904142,3,4,0,0.18892309069633484,1.0220007728785276,0.7588583528995514,0.0,1.0,0,0.5,48,1.5,0.0,9,0.1,1.9,0,0,0,0,0,39,47.0,79.4,41.0,16.7
7722,40,Trézéguet,Trézéguet,Aston Villa,2,3,8,642,0,1.8145133666694164,1,1.5909992437809706,19,8,0,1.8145133666694164,3.5935335755348206,1.0563568081706762,1.8,1.8,0,1.8,53,2.9,0.9,23,0.3,4.3,4,0,0,0,0,71,108.4,110.0,277.0,49.4
7983,139,Daniel N&#039;Lundulu,van Aanholt,Southampton,6,2,1,378,0,0.0,1,0.0,0,0,0,0.0,0.0,0.0,2.5,2.0,1,2.0,54,1.8,1.0,9,0.4,1.7,0,1,0,0,0,61,45.0,33.2,75.0,15.4
8016,559,Matthew Longstaff,Nkounkou,Newcastle United,7,2,1,68,0,0.0,0,0.0,0,0,0,0.0,0.0,0.0,0.7,0.2,0,0.2,40,1.0,0.3,1,0.0,0.2,0,1,0,0,0,6,13.8,5.3,1.0,2.0
8020,79,Steven Alzate,Alzate,Brighton,3,3,5,350,0,0.16270331293344498,0,0.7968758940696716,3,7,0,0.16270331293344498,2.156951330602169,1.7628435865044594,0.0,-1.0,0,0.0,45,1.8,0.8,9,0.0,2.0,1,1,0,0,0,59,48.0,89.8,23.0,16.1
8026,543,Raphinha,Bale,Leeds,17,3,4,115,1,0.33235929161310196,0,0.13231255114078522,6,1,0,0.33235929161310196,0.9578569829463959,0.664711594581604,3.0,3.0,0,3.0,95,4.3,0.8,13,0.3,1.4,1,0,0,0,3,33,41.4,38.5,58.0,13.8
8040,44,Marvelous Nakamba,Nakamba,Aston Villa,2,3,2,13,0,0.022241635248064995,0,0.0,1,0,0,0.022241635248064995,0.06734476238489151,0.045103128999471664,0.0,0.0,0,0.0,44,0.5,0.3,1,0.0,0.2,0,1,0,0,0,4,8.4,0.6,7.0,1.7
8045,288,Eric Garcia,Garcia,Manchester City,12,2,2,180,0,0.013568151742219925,0,0.008322987705469131,1,1,0,0.013568151742219925,0.32397033274173737,0.31040216982364655,1.5,1.5,0,0.0,48,1.0,0.2,2,0.0,0.4,0,0,0,0,0,33,37.0,22.6,1.0,6.0
8089,17,Kieran Tierney,Tierney,Arsenal,1,2,8,710,0,0.055151401087641716,0,0.520165778696537,3,6,0,0.055151401087641716,2.0690010637044907,1.6607274822890759,3.2,3.7,0,3.2,54,3.2,5.1,26,0.6,4.8,3,0,0,0,0,148,132.6,102.8,35.0,27.1
8109,588,Niels Nkounkou,Welbeck,Everton,3,4,1,191,1,0.016959821805357933,0,0.0,1,0,0,0.016959821805357933,0.030957642942667007,0.013997821137309074,3.0,2.0,0,3.0,55,4.0,0.2,12,0.5,2.2,1,0,0,0,3,45,53.6,48.0,100.0,20.2
8150,530,Anthony Gordon,Ivanovic,Everton,18,2,1,348,0,0.0,0,0.0,0,0,0,0.0,0.13508430123329163,0.13508430123329163,0.3,0.3,0,0.8,45,2.8,0.1,11,0.2,2.4,1,0,0,0,0,58,66.8,11.1,61.0,13.9
8204,90,Neco Williams,Gudmundsson,Liverpool,4,3,1,239,0,0.0,0,0.10507628321647644,0,1,0,0.0,0.6328873634338379,0.5278110504150391,0.3,-0.7,0,0.8,54,2.2,0.0,9,0.1,1.7,2,0,0,0,0,26,14.4,32.0,24.0,7.1
8214,146,Tyrick Mitchell,Mitchell,Crystal Palace,6,2,6,540,0,0.11092577129602432,1,0.0,1,0,0,0.11092577129602432,1.4529134705662727,1.3419876173138618,0.5,0.0,0,0.0,41,2.5,19.6,15,0.0,3.7,1,1,0,0,0,71,90.2,12.8,19.0,12.2
8224,379,William Smallbone,Smallbone,Southampton,16,3,2,111,0,0.0,0,0.0,0,0,0,0.0,0.024052973836660385,0.024052973836660385,0.0,-0.5,0,0.0,45,1.5,0.2,3,0.0,0.7,0,0,0,0,0,8,7.2,4.1,0.0,1.1
8227,467,Oskar Buur,Buur,Wolverhampton Wanderers,20,2,1,22,0,0.0,0,0.0,0,0,0,0.0,0.0,0.0,-1.0,-0.5,0,0.0,39,1.0,2.3,1,0.0,0.3,0,0,0,0,0,2,0.6,0.5,0.0,0.1
8228,584,Nathaniel Phillips,Rodon,Liverpool,17,2,1,10,0,0.0,0,0.026075469329953194,0,1,0,0.0,0.07326305657625198,0.04718758910894394,0.2,0.2,0,0.2,50,1.0,0.0,2,0.0,0.4,0,0,0,0,0,6,0.0,0.0,0.0,0.0
8239,258,Takumi Minamino,Minamino,Liverpool,11,3,5,58,0,0.12135639041662216,0,0.0,2,0,0,0.12135639041662216,0.14079707115888596,0.019440678879618645,1.2,1.2,0,0.2,60,1.0,0.1,5,0.0,0.8,0,0,0,0,0,14,9.2,1.6,47.0,5.7
8286,352,Jack Robinson,Jack Robinson,Sheffield United,15,2,4,279,0,0.5482074022293091,1,0.0,3,0,0,0.5482074022293091,0.5727232303470373,0.5727232303470373,-0.3,0.7,0,0.2,44,2.2,0.2,9,0.0,2.0,0,0,0,0,0,36,37.4,5.4,17.0,5.9
8300,400,Steven Bergwijn,Bergwijn,Tottenham,17,3,5,224,0,0.13875123113393784,0,0.17763302475214005,2,2,0,0.13875123113393784,1.5242841765284538,1.3855328559875488,0.6,0.6,0,0.8,70,1.8,0.4,9,0.1,1.3,2,0,0,0,0,19,14.8,36.3,24.0,7.5
8323,98,Josh Brownhill,Brownhill,Burnley,4,3,8,720,0,0.3095642328262329,0,0.4247122276574373,7,6,0,0.3095642328262329,1.564671654254198,1.2204082645475864,1.5,0.5,0,2.0,50,2.2,0.0,18,0.4,3.6,3,1,0,0,0,104,88.8,94.0,55.0,23.8
8351,545,Ki-Jana Hoever,Hoever,Wolverhampton Wanderers,20,2,2,29,0,0.0,0,0.040102969855070114,0,1,0,0.0,0.05436667427420616,0.05436667427420616,-1.0,-0.5,0,0.0,45,1.0,0.0,2,0.0,0.4,0,0,0,0,0,9,13.8,15.2,2.0,3.1
8456,524,Nathan Tella,Tella,Southampton,16,3,3,48,0,0.024052973836660385,0,0.0,1,0,0,0.024052973836660385,0.20925536379218102,0.18520238995552063,0.0,-0.5,0,0.0,44,1.0,0.5,3,0.0,0.7,0,0,0,0,0,9,3.0,1.8,3.0,0.7
8562,271,Luke Thomas,Gündogan,Leicester,12,3,2,210,0,0.06410790234804153,0,0.0,1,0,0,0.06410790234804153,0.06410790234804153,0.0,2.3,2.3,0,0.8,54,1.5,0.3,6,0.1,1.1,0,0,0,0,0,29,33.8,50.8,12.0,9.7
8704,186,Marek Rodák,Rodák,Fulham,8,1,1,90,0,0.0,0,0.0,0,0,0,0.0,0.020527511835098267,0.020527511835098267,-1.5,-1.0,0,0.0,44,1.0,0.3,1,0.0,0.2,0,0,0,2,0,11,18.2,0.0,0.0,1.8
8715,213,Illan Meslier,Meslier,Leeds,10,1,9,810,0,0.0,0,0.042197324335575104,0,1,0,0.0,2.2556246435269713,2.213427326641977,1.5,2.0,0,2.0,45,3.6,4.0,32,0.4,7.1,3,0,0,25,3,176,180.4,10.0,0.0,19.1
8716,197,Luke Ayling,Ayling,Leeds,10,2,9,789,0,0.5835962556302547,0,1.3189552649855614,6,8,0,0.5835962556302547,4.555794198065996,3.582489226013422,1.0,1.5,0,1.5,45,2.6,3.8,23,0.3,5.1,3,1,0,0,1,161,204.0,126.7,79.0,41.0
8717,211,Pascal Struijk,Struijk,Leeds,10,2,4,254,0,0.1266293227672577,0,0.022440355271100998,1,1,0,0.1266293227672577,0.40301281958818436,0.40301281958818436,-0.5,0.0,0,0.0,40,0.5,2.2,2,0.0,0.5,0,1,0,0,0,42,56.6,15.5,8.0,8.1
8719,204,Kalvin Phillips,Phillips,Leeds,10,3,6,540,0,0.06421199906617403,1,0.7442455030977726,3,11,0,0.06421199906617403,1.6241484880447388,1.39009141176939,0.0,0.5,0,0.5,49,2.3,1.2,14,0.1,2.9,2,3,0,0,0,93,128.0,168.7,9.0,30.6
8721,210,Jamie Shackleton,Shackleton,Leeds,10,3,3,123,0,0.0,0,0.024378212168812752,0,1,0,0.0,1.1410966701805592,1.1410966701805592,0.0,0.0,0,0.2,48,1.7,0.0,5,0.0,1.0,1,0,0,0,0,19,13.8,20.7,10.0,4.4
8722,201,Ezgjan Alioski,Alioski,Leeds,10,2,7,345,0,0.5011107511818409,0,1.3155563473701477,7,6,0,0.5011107511818409,2.6664254888892174,1.396582318469882,2.0,2.5,0,2.5,44,2.9,0.5,20,0.6,4.5,2,0,0,0,4,82,66.6,81.8,64.0,21.4
8723,209,Ian Poveda-Ocampo,Poveda-Ocampo,Leeds,10,3,5,143,0,0.6087148860096931,0,0.3683771342039108,4,2,0,0.6087148860096931,1.0812215879559517,0.10412959195673466,0.0,0.5,0,0.5,44,1.0,0.4,5,0.1,1.1,0,0,0,0,0,17,23.6,32.8,68.0,12.5
8756,425,Dara O&#039;Shea,O'Shea,West Bromwich Albion,18,2,5,450,0,0.05110972560942173,0,0.07576294429600239,2,2,0,0.05110972560942173,0.43846629932522774,0.4221307747066021,0.0,0.0,0,0.5,43,1.0,0.2,5,0.1,1.2,0,0,0,0,0,50,90.2,22.6,22.0,13.5
8757,413,Romaine Sawyers,Sawyers,West Bromwich Albion,18,3,7,430,0,0.05606544204056263,0,0.16727591305971146,2,3,0,0.05606544204056263,0.506096862256527,0.45822057873010635,0.0,0.0,0,0.5,48,1.6,0.0,11,0.1,2.3,0,1,0,0,0,52,56.0,39.2,2.0,9.8
8758,421,Kyle Edwards,Edwards,West Bromwich Albion,18,3,5,114,0,0.11881578713655472,0,0.021378837525844574,2,1,0,0.11881578713655472,0.19228214025497437,0.05208751931786537,-0.3,-0.3,0,0.2,48,1.0,0.0,5,0.0,1.0,0,0,0,0,0,15,13.0,12.8,39.0,6.4
8777,515,Vitinha,Vitinha,Wolverhampton Wanderers,20,3,3,26,0,0.0,0,0.014263705350458622,0,1,0,0.0,0.10632924176752567,0.09206553641706705,-0.8,-0.3,0,0.2,48,1.0,0.0,3,0.0,0.6,0,0,0,0,0,11,8.8,13.5,0.0,2.3
8778,504,Fabio Silva,Fabio Silva,Wolverhampton Wanderers,20,4,4,52,0,0.12632381170988083,0,0.012110167182981968,3,1,0,0.12632381170988083,0.13843397796154022,0.012110167182981968,-0.5,0.0,0,0.5,52,1.0,0.5,4,0.1,0.8,0,0,0,0,0,8,3.2,13.7,46.0,6.1
8780,414,Joël Veltman,Hegazi,Brighton,18,2,5,90,0,0.0,0,0.13665078580379486,0,3,0,0.0,1.189485227689147,1.0528344567865133,0.0,0.0,0,0.0,42,6.0,0.2,6,0.0,1.4,1,0,0,0,0,24,19.6,0.3,0.0,2.0
8816,195,Liam Cooper,Cooper,Leeds,10,2,6,540,0,0.24973370879888535,0,0.0,3,0,0,0.24973370879888535,3.4282544404268265,3.4282544404268265,0.5,1.0,0,1.0,44,2.3,0.5,14,0.2,3.2,2,2,0,0,1,117,131.4,5.8,14.0,15.1
8864,496,Matthew Cash,Cash,Aston Villa,2,2,8,685,0,0.04971298202872276,0,0.20350390672683716,2,4,0,0.04971298202872276,1.6893247961997986,1.461522415280342,1.5,1.5,0,1.5,50,3.1,0.7,25,0.3,5.0,4,3,0,0,1,145,147.4,68.2,28.0,24.4
8868,539,Liam Delap,Delap,Manchester City,12,4,1,39,0,0.06408517062664032,0,0.0,1,0,0,0.06408517062664032,0.06408517062664032,0.0,1.5,1.5,0,0.0,44,1.0,0.9,1,0.0,0.2,0,0,0,0,0,0,0.0,0.3,4.0,0.2
8905,418,Conor Townsend,Townsend,West Bromwich Albion,18,2,7,630,0,0.1273860428482294,0,0.20898170210421085,3,4,0,0.1273860428482294,0.6812866479158401,0.39700641483068466,0.7,0.7,0,1.2,45,2.6,0.2,18,0.3,4.0,1,0,0,0,3,106,128.2,71.7,50.0,25.0
8918,562,Max Lowe,Aina,Sheffield United,8,2,4,540,1,0.022947104647755623,0,0.0,1,0,0,0.022947104647755623,0.6136332973837852,0.5906861945986748,3.0,3.5,0,4.5,45,3.8,0.3,23,1.0,5.1,1,0,0,0,3,107,133.2,75.5,14.0,22.1
8919,555,Leif Davis,Krovinovic,Leeds,18,3,1,364,0,0.0,0,0.0,0,0,0,0.0,0.2329990118741989,0.2329990118741989,0.7,0.7,0,1.2,50,1.8,0.0,11,0.2,2.2,1,0,0,0,0,69,57.6,72.7,37.0,16.7
8940,111,Antonee Robinson,Emerson,Fulham,5,2,6,8,0,0.05722904950380325,0,0.4103221818804741,1,9,0,0.05722904950380325,2.3799284026026726,1.9881227761507034,0.7,0.2,0,0.2,48,1.0,0.1,1,0.0,0.2,0,0,0,0,0,5,6.2,0.7,0.0,0.7
8941,554,Jacob Ramsey,Ramsey,Aston Villa,2,3,1,13,0,0.0,0,0.0,0,0,0,0.0,0.0,0.0,0.0,0.0,0,0.0,45,1.0,0.1,1,0.0,0.2,0,0,0,0,0,4,0.0,0.0,0.0,0.0
8961,439,Rúben Dias,Lanzini,Manchester City,19,3,6,47,1,0.493996724486351,0,0.0,3,0,0,0.493996724486351,2.900667116045952,2.900667116045952,0.3,0.8,0,0.8,64,2.0,0.1,8,0.1,1.2,0,1,0,0,0,26,44.4,12.6,9.0,6.7
8965,572,Vladimir Coufal,Adarabioyo,West Ham,8,2,6,450,0,0.16718238592147827,0,0.4625638611614704,2,8,0,0.16718238592147827,1.2646999061107635,0.775237537920475,0.7,1.2,0,2.2,45,2.4,0.0,12,0.5,2.7,1,0,0,0,0,74,78.8,3.1,30.0,11.3
8966,268,Filip Krovinovic,Agüero,West Bromwich Albion,12,4,6,109,0,0.14924902468919754,0,0.07595343142747879,5,3,0,0.14924902468919754,0.4253186248242855,0.27339745685458183,1.5,1.5,0,0.0,103,1.5,1.4,3,0.0,0.3,1,0,0,0,0,16,4.0,36.8,18.0,5.8
9040,389,Conor Gallagher,Aurier,West Bromwich Albion,17,2,5,270,1,0.16729599609971046,1,0.35748255625367165,4,7,0,0.16729599609971046,0.44911566376686096,0.22134163975715637,1.5,1.5,0,1.5,52,6.3,1.7,19,0.3,3.7,1,0,0,0,1,81,118.2,35.1,60.0,21.3
9098,568,Robert Sánchez,Telles,Brighton,13,2,1,90,0,0.0,0,0.0,0,0,0,0.0,0.0,0.0,2.0,2.0,0,1.5,55,6.0,1.7,6,0.3,1.1,1,0,0,0,0,22,9.4,5.5,5.0,2.0
